sample_index,sequence_name,radar_index,camera_index,range_m,velocity_mps,azimuth_deg,elevation_deg,radar_power,radar_x,radar_y,radar_z,projected_u,projected_v,bbox_center_u,bbox_center_v,bbox_width,bbox_height,bbox_aspect_ratio,camera_confidence,norm_offset_u,norm_offset_v,norm_radial_dist,class_name,is_match
0,RECORD@2020-11-21_13.44.44,0,0,11.413150787353516,-2.693333387374878,0.1066666692495346,-1.5333333015441895,117965160710144.0,11.406902313232422,0.01940448023378849,-0.30495086312294006,942.6028689871575,767.2662414635806,976.5526428222656,632.5036010742188,256.91839599609375,223.9903564453125,1.1470065054288203,0.887292206287384,-0.13214224580331052,0.6016448320723322,0.6159854520078274,car,1
0,RECORD@2020-11-21_13.44.44,0,1,11.413150787353516,-2.693333387374878,0.1066666692495346,-1.5333333015441895,117965160710144.0,11.406902313232422,0.01940448023378849,-0.30495086312294006,942.6028689871575,767.2662414635806,1512.0596923828125,642.6449279785156,405.1875,279.64605712890625,1.4489297798796565,0.8587408065795898,-1.4054155752476445,0.4456394442479813,1.4743769712723802,car,0
0,RECORD@2020-11-21_13.44.44,0,2,11.413150787353516,-2.693333387374878,0.1066666692495346,-1.5333333015441895,117965160710144.0,11.406902313232422,0.01940448023378849,-0.30495086312294006,942.6028689871575,767.2662414635806,311.48622131347656,596.0061950683594,168.84011840820312,108.98162841796875,1.5492530333705767,0.7494660019874573,3.7379543062617167,1.5714579501271622,4.054846789302695,car,0
0,RECORD@2020-11-21_13.44.44,0,3,11.413150787353516,-2.693333387374878,0.1066666692495346,-1.5333333015441895,117965160710144.0,11.406902313232422,0.01940448023378849,-0.30495086312294006,942.6028689871575,767.2662414635806,207.26632690429688,587.0758361816406,91.33346557617188,71.48406982421875,1.2776757926732951,0.6324629187583923,8.051118365475707,2.5207071411159583,8.436496395197073,car,0
0,RECORD@2020-11-21_13.44.44,0,4,11.413150787353516,-2.693333387374878,0.1066666692495346,-1.5333333015441895,117965160710144.0,11.406902313232422,0.01940448023378849,-0.30495086312294006,942.6028689871575,767.2662414635806,1238.3235473632812,568.4495086669922,214.5062255859375,180.41336059570312,1.1889708438314317,0.6261033415794373,-1.3786111688289873,1.1020067036062053,1.764932726653637,truck,0
0,RECORD@2020-11-21_13.44.44,1,0,9.374608993530273,6.059999942779541,-20.1200008392334,-0.6000000238418579,62276992237568.0,8.800897598266602,-3.2252254486083984,-0.09900832176208496,1492.0481567103757,783.6411681707214,976.5526428222656,632.5036010742188,256.91839599609375,223.9903564453125,1.1470065054288203,0.887292206287384,2.0064562208147514,0.6747503307509715,2.116873773963568,car,0
0,RECORD@2020-11-21_13.44.44,1,1,9.374608993530273,6.059999942779541,-20.1200008392334,-0.6000000238418579,62276992237568.0,8.800897598266602,-3.2252254486083984,-0.09900832176208496,1492.0481567103757,783.6411681707214,1512.0596923828125,642.6449279785156,405.1875,279.64605712890625,1.4489297798796565,0.8587408065795898,-0.049388334221654964,0.5041953447861838,0.506608481236989,car,1
0,RECORD@2020-11-21_13.44.44,1,2,9.374608993530273,6.059999942779541,-20.1200008392334,-0.6000000238418579,62276992237568.0,8.800897598266602,-3.2252254486083984,-0.09900832176208496,1492.0481567103757,783.6411681707214,311.48622131347656,596.0061950683594,168.84011840820312,108.98162841796875,1.5492530333705767,0.7494660019874573,6.992188506659691,1.7217119603199558,7.201041048832638,car,0
0,RECORD@2020-11-21_13.44.44,1,3,9.374608993530273,6.059999942779541,-20.1200008392334,-0.6000000238418579,62276992237568.0,8.800897598266602,-3.2252254486083984,-0.09900832176208496,1492.0481567103757,783.6411681707214,207.26632690429688,587.0758361816406,91.33346557617188,71.48406982421875,1.2776757926732951,0.6324629187583923,14.066933973227744,2.7497781320011603,14.33317519541224,car,0
0,RECORD@2020-11-21_13.44.44,1,4,9.374608993530273,6.059999942779541,-20.1200008392334,-0.6000000238418579,62276992237568.0,8.800897598266602,-3.2252254486083984,-0.09900832176208496,1492.0481567103757,783.6411681707214,1238.3235473632812,568.4495086669922,214.5062255859375,180.41336059570312,1.1889708438314317,0.6261033415794373,1.1828309814972942,1.1927700852818899,1.6798183256332273,truck,0
1,RECORD@2020-11-21_13.44.44,0,0,11.430220603942871,3.809091329574585,-0.36363640427589417,-0.27272728085517883,175669531115520.0,11.429502487182617,-0.07264421880245209,-0.054579056799411774,955.7559758358111,732.0525275796188,975.0514221191406,634.3175354003906,255.04852294921875,220.85064697265625,1.154846166154979,0.8865706324577332,-0.07565402089064957,0.4425388538315163,0.44895898256682093,car,1
1,RECORD@2020-11-21_13.44.44,0,1,11.430220603942871,3.809091329574585,-0.36363640427589417,-0.27272728085517883,175669531115520.0,11.429502487182617,-0.07264421880245209,-0.054579056799411774,955.7559758358111,732.0525275796188,1497.3338623046875,639.0352783203125,391.485595703125,267.439697265625,1.463827545819781,0.8493934273719788,-1.3833916047311503,0.34780644089243107,1.4264437080960775,car,0
1,RECORD@2020-11-21_13.44.44,0,2,11.430220603942871,3.809091329574585,-0.36363640427589417,-0.27272728085517883,175669531115520.0,11.429502487182617,-0.07264421880245209,-0.054579056799411774,955.7559758358111,732.0525275796188,262.3562927246094,603.0503234863281,210.771240234375,121.45440673828125,1.7353939300741894,0.6748652458190918,3.2898211460925593,1.0621451090801004,3.4570327458704435,car,0
1,RECORD@2020-11-21_13.44.44,0,3,11.430220603942871,3.809091329574585,-0.36363640427589417,-0.27272728085517883,175669531115520.0,11.429502487182617,-0.07264421880245209,-0.054579056799411774,955.7559758358111,732.0525275796188,1233.5419921875,567.7191467285156,208.023193359375,176.22198486328125,1.1804610731218705,0.649677038192749,-1.335360792542943,0.9325362041438718,1.628745596555821,truck,0
1,RECORD@2020-11-21_13.44.44,1,0,9.65625,-3.8111109733581543,-19.0,0.0,125353049718784.0,9.13016414642334,-3.1437675952911377,0.0,1460.7950558009543,759.527827224245,975.0514221191406,634.3175354003906,255.04852294921875,220.85064697265625,1.154846166154979,0.8865706324577332,1.9045145922234072,0.5669455513949968,1.9871092295690411,car,0
1,RECORD@2020-11-21_13.44.44,1,1,9.65625,-3.8111109733581543,-19.0,0.0,125353049718784.0,9.13016414642334,-3.1437675952911377,0.0,1460.7950558009543,759.527827224245,1497.3338623046875,639.0352783203125,391.485595703125,267.439697265625,1.463827545819781,0.8493934273719788,-0.09333371880032505,0.45054100096537864,0.46010691867867354,car,1
1,RECORD@2020-11-21_13.44.44,1,2,9.65625,-3.8111109733581543,-19.0,0.0,125353049718784.0,9.13016414642334,-3.1437675952911377,0.0,1460.7950558009543,759.527827224245,262.3562927246094,603.0503234863281,210.771240234375,121.45440673828125,1.7353939300741894,0.6748652458190918,5.685969118669586,1.2883641519496773,5.830105231168061,car,0
1,RECORD@2020-11-21_13.44.44,1,3,9.65625,-3.8111109733581543,-19.0,0.0,125353049718784.0,9.13016414642334,-3.1437675952911377,0.0,1460.7950558009543,759.527827224245,1233.5419921875,567.7191467285156,208.023193359375,176.22198486328125,1.1804610731218705,0.649677038192749,1.0924409915237592,1.0884492116266924,1.5421248348470957,truck,0
2,RECORD@2020-11-21_13.44.44,0,0,11.376269340515137,-2.565000057220459,0.3100000023841858,-1.0,66501151293440.0,11.374351501464844,0.06171553209424019,-0.19854331016540527,936.4610783933823,753.0485101399677,971.1877136230469,637.4885864257812,256.61676025390625,225.0909423828125,1.1400581362242366,0.8857052326202393,-0.135324891465798,0.5133921538151166,0.5309278009759466,car,1
2,RECORD@2020-11-21_13.44.44,0,1,11.376269340515137,-2.565000057220459,0.3100000023841858,-1.0,66501151293440.0,11.374351501464844,0.06171553209424019,-0.19854331016540527,936.4610783933823,753.0485101399677,1478.1157836914062,641.9764099121094,379.9068603515625,257.68280029296875,1.474319822353812,0.8746510744094849,-1.425756578327597,0.43104196361408864,1.4894895082009496,car,0
2,RECORD@2020-11-21_13.44.44,0,2,11.376269340515137,-2.565000057220459,0.3100000023841858,-1.0,66501151293440.0,11.374351501464844,0.06171553209424019,-0.19854331016540527,936.4610783933823,753.0485101399677,1215.54541015625,574.6941833496094,213.5224609375,168.90875244140625,1.264129051048258,0.6160662174224854,-1.307049059557993,1.0559211657917411,1.6802817479394412,truck,0
2,RECORD@2020-11-21_13.44.44,0,3,11.376269340515137,-2.565000057220459,0.3100000023841858,-1.0,66501151293440.0,11.374351501464844,0.06171553209424019,-0.19854331016540527,936.4610783933823,753.0485101399677,173.18972778320312,612.3880920410156,233.46087646484375,141.19024658203125,1.653519857897574,0.5374506115913391,3.269375846471296,0.9962474144219915,3.4177956838044614,car,0
3,RECORD@2020-11-21_13.44.44,0,0,11.386327743530273,-0.8300000429153442,-1.2700001001358032,-2.049999952316284,91138828533760.0,11.368730545043945,-0.25582700967788696,-0.40754953026771545,982.3620584247437,782.298356604523,969.9730224609375,638.3880920410156,257.190673828125,227.81329345703125,1.1289537582521922,0.9069163203239441,0.04817062679374433,0.6317026648431769,0.6335366335545825,car,1
3,RECORD@2020-11-21_13.44.44,0,1,11.386327743530273,-0.8300000429153442,-1.2700001001358032,-2.049999952316284,91138828533760.0,11.368730545043945,-0.25582700967788696,-0.40754953026771545,982.3620584247437,782.298356604523,1465.4140625,638.9051208496094,366.506103515625,251.03448486328125,1.4599830924234656,0.9054334163665771,-1.3179917044810214,0.5712093134654731,1.4364477758938836,car,0
3,RECORD@2020-11-21_13.44.44,0,2,11.386327743530273,-0.8300000429153442,-1.2700001001358032,-2.049999952316284,91138828533760.0,11.368730545043945,-0.25582700967788696,-0.40754953026771545,982.3620584247437,782.298356604523,92.24162292480469,625.6173706054688,184.48324584960938,165.86865234375,1.1122249035175258,0.8730677962303162,4.824939150439518,0.9446087840295762,4.916535727553483,car,0
3,RECORD@2020-11-21_13.44.44,0,3,11.386327743530273,-0.8300000429153442,-1.2700001001358032,-2.049999952316284,91138828533760.0,11.368730545043945,-0.25582700967788696,-0.40754953026771545,982.3620584247437,782.298356604523,1209.8985595703125,573.2205352783203,205.636962890625,165.15524291992188,1.2451131387353613,0.6074545979499817,-1.1064961179503112,1.2659472241373368,1.6813554155324024,truck,0
4,RECORD@2020-11-21_13.44.44,0,0,11.346094131469727,-0.6049999594688416,0.48000001907348633,-3.4000000953674316,59499968724992.0,11.325010299682617,0.09517060220241547,-0.6740533113479614,931.7165581985229,820.3439721956487,1456.4908447265625,638.9220581054688,360.181640625,246.81298828125,1.459330171937967,0.910798192024231,-1.4569712260109444,0.7350582129148115,1.6318932960819927,car,0
4,RECORD@2020-11-21_13.44.44,0,1,11.346094131469727,-0.6049999594688416,0.48000001907348633,-3.4000000953674316,59499968724992.0,11.325010299682617,0.09517060220241547,-0.6740533113479614,931.7165581985229,820.3439721956487,967.5023498535156,638.6232604980469,258.57562255859375,224.83062744140625,1.1500907394210866,0.880707323551178,-0.13839584451501658,0.8082560359573812,0.8200190421207084,car,1
4,RECORD@2020-11-21_13.44.44,0,2,11.346094131469727,-0.6049999594688416,0.48000001907348633,-3.4000000953674316,59499968724992.0,11.325010299682617,0.09517060220241547,-0.6740533113479614,931.7165581985229,820.3439721956487,135.74017715454102,607.5837097167969,159.6176986694336,93.10174560546875,1.714443672687247,0.7914910316467285,4.98676768102289,2.2852446116365233,5.485453020444909,car,0
4,RECORD@2020-11-21_13.44.44,0,3,11.346094131469727,-0.6049999594688416,0.48000001907348633,-3.4000000953674316,59499968724992.0,11.325010299682617,0.09517060220241547,-0.6740533113479614,931.7165581985229,820.3439721956487,31.005425453186035,629.6260681152344,61.30439567565918,169.42034912109375,0.3618478889560171,0.7491706609725952,14.69243963370416,1.1257083642538008,14.73550140685385,car,0
4,RECORD@2020-11-21_13.44.44,0,4,11.346094131469727,-0.6049999594688416,0.48000001907348633,-3.4000000953674316,59499968724992.0,11.325010299682617,0.09517060220241547,-0.6740533113479614,931.7165581985229,820.3439721956487,1205.2937622070312,572.5214538574219,195.2999267578125,158.74053955078125,1.2303090773818106,0.6070905923843384,-1.4008054613751388,1.5611797656700552,2.0975076165191924,truck,0
4,RECORD@2020-11-21_13.44.44,0,5,11.346094131469727,-0.6049999594688416,0.48000001907348633,-3.4000000953674316,59499968724992.0,11.325010299682617,0.09517060220241547,-0.6740533113479614,931.7165581985229,820.3439721956487,481.4161376953125,570.9287719726562,50.1485595703125,44.0244140625,1.1391079390430559,0.4364280104637146,8.979329104594745,5.665383754316547,10.617199454295664,car,0
4,RECORD@2020-11-21_13.44.44,0,6,11.346094131469727,-0.6049999594688416,0.48000001907348633,-3.4000000953674316,59499968724992.0,11.325010299682617,0.09517060220241547,-0.6740533113479614,931.7165581985229,820.3439721956487,252.74002075195312,575.149658203125,54.48486328125,59.8564453125,0.9102589202682199,0.4170716404914856,12.461746190711787,4.096372791808922,13.117750880817647,car,0
5,RECORD@2020-11-21_13.44.44,0,0,11.265625,1.4187500476837158,-0.2750000059604645,-1.0,141622452944896.0,11.263639450073242,-0.05450037121772766,-0.19661226868629456,953.3409320625216,754.7991620863671,1446.319580078125,634.7466430664062,352.413330078125,240.51123046875,1.4652676691698794,0.8984925150871277,-1.3988649291623478,0.49915556452803345,1.4852539741201436,car,0
5,RECORD@2020-11-21_13.44.44,0,1,11.265625,1.4187500476837158,-0.2750000059604645,-1.0,141622452944896.0,11.263639450073242,-0.05450037121772766,-0.19661226868629456,953.3409320625216,754.7991620863671,965.7474670410156,636.6210327148438,260.41717529296875,226.2847900390625,1.1508381771837786,0.8981837034225464,-0.04764100126858655,0.5222539674501446,0.5244224170640402,car,0
5,RECORD@2020-11-21_13.44.44,0,2,11.265625,1.4187500476837158,-0.2750000059604645,-1.0,141622452944896.0,11.263639450073242,-0.05450037121772766,-0.19661226868629456,953.3409320625216,754.7991620863671,85.21263885498047,607.5605773925781,169.95643615722656,103.54742431640625,1.6413390992507608,0.714283287525177,5.107945970368761,1.4219434782257567,5.302172695365102,car,0
5,RECORD@2020-11-21_13.44.44,0,3,11.265625,1.4187500476837158,-0.2750000059604645,-1.0,141622452944896.0,11.263639450073242,-0.05450037121772766,-0.19661226868629456,953.3409320625216,754.7991620863671,508.6060028076172,571.1172790527344,151.64041137695312,67.32623291015625,2.2523228290421398,0.5758234858512878,2.9328259216427903,2.7282364554504,4.0055888510315745,car,0
5,RECORD@2020-11-21_13.44.44,0,4,11.265625,1.4187500476837158,-0.2750000059604645,-1.0,141622452944896.0,11.263639450073242,-0.05450037121772766,-0.19661226868629456,953.3409320625216,754.7991620863671,1199.8274536132812,570.5065002441406,188.3873291015625,159.06927490234375,1.1843099757462134,0.5653003454208374,-1.3084028672537473,1.1585685667792724,1.74762672987306,truck,0
5,RECORD@2020-11-21_13.44.44,0,5,11.265625,1.4187500476837158,-0.2750000059604645,-1.0,141622452944896.0,11.263639450073242,-0.05450037121772766,-0.19661226868629456,953.3409320625216,754.7991620863671,176.11256790161133,584.5559692382812,96.25426483154297,69.4365234375,1.3862195292392725,0.48239865899086,8.07474209606356,2.451781633354991,8.43876134842062,car,0
5,RECORD@2020-11-21_13.44.44,1,0,10.997395515441895,11.333333015441895,-17.133333206176758,-1.3333333730697632,91654593708032.0,10.50508975982666,-3.2381629943847656,-0.25742921233177185,1416.7786264995502,769.85568896056,1446.319580078125,634.7466430664062,352.413330078125,240.51123046875,1.4652676691698794,0.8984925150871277,-0.0838247337920673,0.561757742583703,0.5679774179912868,car,0
5,RECORD@2020-11-21_13.44.44,1,1,10.997395515441895,11.333333015441895,-17.133333206176758,-1.3333333730697632,91654593708032.0,10.50508975982666,-3.2381629943847656,-0.25742921233177185,1416.7786264995502,769.85568896056,965.7474670410156,636.6210327148438,260.41717529296875,226.2847900390625,1.1508381771837786,0.8981837034225464,1.7319562695936839,0.5887919211128443,1.8293027212991904,car,0
5,RECORD@2020-11-21_13.44.44,1,2,10.997395515441895,11.333333015441895,-17.133333206176758,-1.3333333730697632,91654593708032.0,10.50508975982666,-3.2381629943847656,-0.25742921233177185,1416.7786264995502,769.85568896056,85.21263885498047,607.5605773925781,169.95643615722656,103.54742431640625,1.6413390992507608,0.714283287525177,7.834748820060802,1.567350541449127,7.989986032104499,car,0
5,RECORD@2020-11-21_13.44.44,1,3,10.997395515441895,11.333333015441895,-17.133333206176758,-1.3333333730697632,91654593708032.0,10.50508975982666,-3.2381629943847656,-0.25742921233177185,1416.7786264995502,769.85568896056,508.6060028076172,571.1172790527344,151.64041137695312,67.32623291015625,2.2523228290421398,0.5758234858512878,5.988988129518887,2.9518718234693577,6.676939873752829,car,0
5,RECORD@2020-11-21_13.44.44,1,4,10.997395515441895,11.333333015441895,-17.133333206176758,-1.3333333730697632,91654593708032.0,10.50508975982666,-3.2381629943847656,-0.25742921233177185,1416.7786264995502,769.85568896056,1199.8274536132812,570.5065002441406,188.3873291015625,159.06927490234375,1.1843099757462134,0.5653003454208374,1.1516229563895313,1.2532224644816188,1.701999406335016,truck,0
5,RECORD@2020-11-21_13.44.44,1,5,10.997395515441895,11.333333015441895,-17.133333206176758,-1.3333333730697632,91654593708032.0,10.50508975982666,-3.2381629943847656,-0.25742921233177185,1416.7786264995502,769.85568896056,176.11256790161133,584.5559692382812,96.25426483154297,69.4365234375,1.3862195292392725,0.48239865899086,12.889465841012449,2.668620353509886,13.162821287922814,car,0
6,RECORD@2020-11-21_13.44.44,0,0,11.332682609558105,1.433333396911621,-0.6666667461395264,-2.0,70780272508928.0,11.324954986572266,-0.13146589696407318,-0.3955049216747284,964.4840168063059,781.5095935954645,1439.39599609375,629.3029479980469,342.389892578125,237.88482666015625,1.439309506979465,0.8987561464309692,-1.3870502301088832,0.6398333501735315,1.5275127026769337,car,0
6,RECORD@2020-11-21_13.44.44,0,1,11.332682609558105,1.433333396911621,-0.6666667461395264,-2.0,70780272508928.0,11.324954986572266,-0.13146589696407318,-0.3955049216747284,964.4840168063059,781.5095935954645,964.1479797363281,631.6245422363281,260.75189208984375,228.39117431640625,1.1416898786491896,0.8838342428207397,0.001288723419356904,0.6562646381050177,0.6562659034531364,car,1
6,RECORD@2020-11-21_13.44.44,0,2,11.332682609558105,1.433333396911621,-0.6666667461395264,-2.0,70780272508928.0,11.324954986572266,-0.13146589696407318,-0.3955049216747284,964.4840168063059,781.5095935954645,138.4460563659668,583.2067565917969,99.6639175415039,75.50665283203125,1.3199355792291818,0.6935277581214905,8.288234908048292,2.6262962211396563,8.694381503716219,car,0
6,RECORD@2020-11-21_13.44.44,0,3,11.332682609558105,1.433333396911621,-0.6666667461395264,-2.0,70780272508928.0,11.324954986572266,-0.13146589696407318,-0.3955049216747284,964.4840168063059,781.5095935954645,429.21221923828125,569.450927734375,59.21868896484375,49.58349609375,1.1943225796921622,0.5431796908378601,9.03889982917046,4.276799390267672,9.999636150699269,car,0
6,RECORD@2020-11-21_13.44.44,0,4,11.332682609558105,1.433333396911621,-0.6666667461395264,-2.0,70780272508928.0,11.324954986572266,-0.13146589696407318,-0.3955049216747284,964.4840168063059,781.5095935954645,1195.9107055664062,564.1021575927734,193.3992919921875,154.31130981445312,1.2533060099401303,0.45344263315200806,-1.1966263494359068,1.4088885400824211,1.8484808731874618,truck,0
6,RECORD@2020-11-21_13.44.44,0,5,11.332682609558105,1.433333396911621,-0.6666667461395264,-2.0,70780272508928.0,11.324954986572266,-0.13146589696407318,-0.3955049216747284,964.4840168063059,781.5095935954645,1110.619873046875,528.4833068847656,119.512451171875,122.89141845703125,0.9725044488249788,0.44400182366371155,-1.2227667896327055,2.0589418682572127,2.3946607773735247,truck,0
6,RECORD@2020-11-21_13.44.44,1,0,11.064453125,1.0714285373687744,-17.600000381469727,-3.0,66105141886976.0,10.53208065032959,-3.340972661972046,-0.5790687203407288,1428.0105881793938,814.1129431041386,1439.39599609375,629.3029479980469,342.389892578125,237.88482666015625,1.439309506979465,0.8987561464309692,-0.033252757050234165,0.7768885376204024,0.7775998622282602,car,1
6,RECORD@2020-11-21_13.44.44,1,1,11.064453125,1.0714285373687744,-17.600000381469727,-3.0,66105141886976.0,10.53208065032959,-3.340972661972046,-0.5790687203407288,1428.0105881793938,814.1129431041386,964.1479797363281,631.6245422363281,260.75189208984375,228.39117431640625,1.1416898786491896,0.8838342428207397,1.778942444963118,0.7990168683794958,1.9501446557746254,car,0
6,RECORD@2020-11-21_13.44.44,1,2,11.064453125,1.0714285373687744,-17.600000381469727,-3.0,66105141886976.0,10.53208065032959,-3.340972661972046,-0.5790687203407288,1428.0105881793938,814.1129431041386,138.4460563659668,583.2067565917969,99.6639175415039,75.50665283203125,1.3199355792291818,0.6935277581214905,12.939131469284282,3.0580906165448147,13.295602333043144,car,0
6,RECORD@2020-11-21_13.44.44,1,3,11.064453125,1.0714285373687744,-17.600000381469727,-3.0,66105141886976.0,10.53208065032959,-3.340972661972046,-0.5790687203407288,1428.0105881793938,814.1129431041386,429.21221923828125,569.450927734375,59.21868896484375,49.58349609375,1.1943225796921622,0.5431796908378601,16.866269524036024,4.934343776549537,17.57324091232461,car,0
6,RECORD@2020-11-21_13.44.44,1,4,11.064453125,1.0714285373687744,-17.600000381469727,-3.0,66105141886976.0,10.53208065032959,-3.340972661972046,-0.5790687203407288,1428.0105881793938,814.1129431041386,1195.9107055664062,564.1021575927734,193.3992919921875,154.31130981445312,1.2533060099401303,0.45344263315200806,1.2001071990602914,1.620171494960304,2.0162373278754275,truck,0
6,RECORD@2020-11-21_13.44.44,1,5,11.064453125,1.0714285373687744,-17.600000381469727,-3.0,66105141886976.0,10.53208065032959,-3.340972661972046,-0.5790687203407288,1428.0105881793938,814.1129431041386,1110.619873046875,528.4833068847656,119.512451171875,122.89141845703125,0.9725044488249788,0.44400182366371155,2.655712538905827,2.324243952959521,3.52915273715527,truck,0
7,RECORD@2020-11-21_13.44.44,0,0,11.251255989074707,0.5357142686843872,-0.8285714387893677,-0.9285714030265808,97967323217920.0,11.248469352722168,-0.16258643567562103,-0.18256855010986328,969.1196734010213,753.1036696838758,1428.2208251953125,625.3058166503906,333.169921875,228.39862060546875,1.4587212523078723,0.888149082660675,-1.377978988050844,0.5595386377321455,1.4872489968477953,car,0
7,RECORD@2020-11-21_13.44.44,0,1,11.251255989074707,0.5357142686843872,-0.8285714387893677,-0.9285714030265808,97967323217920.0,11.248469352722168,-0.16258643567562103,-0.18256855010986328,969.1196734010213,753.1036696838758,962.2518310546875,630.9652099609375,261.32080078125,226.055419921875,1.1560032529702793,0.8772128820419312,0.02628126932797358,0.5403031688651811,0.5409419741554966,car,1
7,RECORD@2020-11-21_13.44.44,0,2,11.251255989074707,0.5357142686843872,-0.8285714387893677,-0.9285714030265808,97967323217920.0,11.248469352722168,-0.16258643567562103,-0.18256855010986328,969.1196734010213,753.1036696838758,133.69912719726562,581.14208984375,121.41302490234375,73.8790283203125,1.6434031099589073,0.6497349143028259,6.880814862126285,2.3276101994000666,7.263840747649221,car,0
7,RECORD@2020-11-21_13.44.44,0,3,11.251255989074707,0.5357142686843872,-0.8285714387893677,-0.9285714030265808,97967323217920.0,11.248469352722168,-0.16258643567562103,-0.18256855010986328,969.1196734010213,753.1036696838758,1191.5527954101562,563.6472473144531,184.2916259765625,150.39788818359375,1.2253604635165753,0.5536170601844788,-1.2069627191710988,1.2597013472566139,1.7445935027246378,truck,0
7,RECORD@2020-11-21_13.44.44,0,4,11.251255989074707,0.5357142686843872,-0.8285714387893677,-0.9285714030265808,97967323217920.0,11.248469352722168,-0.16258643567562103,-0.18256855010986328,969.1196734010213,753.1036696838758,399.13014221191406,571.4438171386719,67.65609741210938,50.03814697265625,1.3520903851431707,0.4922648072242737,8.424806528776932,3.6304272547197516,9.173732451904973,car,0
7,RECORD@2020-11-21_13.44.44,0,5,11.251255989074707,0.5357142686843872,-0.8285714387893677,-0.9285714030265808,97967323217920.0,11.248469352722168,-0.16258643567562103,-0.18256855010986328,969.1196734010213,753.1036696838758,96.28075790405273,580.9263305664062,50.613441467285156,65.5831298828125,0.7717448306862451,0.42242079973220825,17.24519989539029,2.6253297063608483,17.443889345529282,car,0
7,RECORD@2020-11-21_13.44.44,1,0,11.466796875,2.6999998092651367,14.800000190734863,2.0,56064653393920.0,11.07961368560791,2.9273602962493896,0.4001854360103607,516.5416069286556,673.445913650532,1428.2208251953125,625.3058166503906,333.169921875,228.39862060546875,1.4587212523078723,0.888149082660675,-2.7363791219085627,0.21077227556158337,2.7444845874886026,car,0
7,RECORD@2020-11-21_13.44.44,1,1,11.466796875,2.6999998092651367,14.800000190734863,2.0,56064653393920.0,11.07961368560791,2.9273602962493896,0.4001854360103607,516.5416069286556,673.445913650532,962.2518310546875,630.9652099609375,261.32080078125,226.055419921875,1.1560032529702793,0.8772128820419312,-1.705605611162707,0.18792163312994617,1.7159268751983394,car,0
7,RECORD@2020-11-21_13.44.44,1,2,11.466796875,2.6999998092651367,14.800000190734863,2.0,56064653393920.0,11.07961368560791,2.9273602962493896,0.4001854360103607,516.5416069286556,673.445913650532,133.69912719726562,581.14208984375,121.41302490234375,73.8790283203125,1.6434031099589073,0.6497349143028259,3.1532241292836747,1.2493914160130306,3.3917254192967676,car,0
7,RECORD@2020-11-21_13.44.44,1,3,11.466796875,2.6999998092651367,14.800000190734863,2.0,56064653393920.0,11.07961368560791,2.9273602962493896,0.4001854360103607,516.5416069286556,673.445913650532,1191.5527954101562,563.6472473144531,184.2916259765625,150.39788818359375,1.2253604635165753,0.5536170601844788,-3.6627339137338013,0.7300545749820997,3.734782377230034,truck,0
7,RECORD@2020-11-21_13.44.44,1,4,11.466796875,2.6999998092651367,14.800000190734863,2.0,56064653393920.0,11.07961368560791,2.9273602962493896,0.4001854360103607,516.5416069286556,673.445913650532,399.13014221191406,571.4438171386719,67.65609741210938,50.03814697265625,1.3520903851431707,0.4922648072242737,1.7354158635778294,2.038486688318015,2.6771432905258044,car,0
7,RECORD@2020-11-21_13.44.44,1,5,11.466796875,2.6999998092651367,14.800000190734863,2.0,56064653393920.0,11.07961368560791,2.9273602962493896,0.4001854360103607,516.5416069286556,673.445913650532,96.28075790405273,580.9263305664062,50.613441467285156,65.5831298828125,0.7717448306862451,0.42242079973220825,8.30334466183742,1.4107222886349704,8.422331621879742,car,0
8,RECORD@2020-11-21_13.44.44,0,0,11.225390434265137,-3.4100003242492676,-0.48000001907348633,0.0,150989927612416.0,11.224954605102539,-0.0938153862953186,0.0,959.0583609596608,727.7384617283202,960.4643249511719,627.5881958007812,261.66461181640625,228.4779052734375,1.1452512727795348,0.8646455407142639,-0.005373152990582926,0.43833676524511744,0.4383696961910271,car,1
8,RECORD@2020-11-21_13.44.44,0,1,11.225390434265137,-3.4100003242492676,-0.48000001907348633,0.0,150989927612416.0,11.224954605102539,-0.0938153862953186,0.0,959.0583609596608,727.7384617283202,1417.3843383789062,619.3045654296875,320.8983154296875,226.2431640625,1.4183779508186107,0.8476338982582092,-1.4282592191409302,0.47928032101194307,1.5065304587595867,car,0
8,RECORD@2020-11-21_13.44.44,0,2,11.225390434265137,-3.4100003242492676,-0.48000001907348633,0.0,150989927612416.0,11.224954605102539,-0.0938153862953186,0.0,959.0583609596608,727.7384617283202,128.59046936035156,579.6299438476562,108.19149780273438,80.33203125,1.3468039600048627,0.7226975560188293,7.675907150426015,1.843704380133721,7.894225511301631,car,0
8,RECORD@2020-11-21_13.44.44,0,3,11.225390434265137,-3.4100003242492676,-0.48000001907348633,0.0,150989927612416.0,11.224954605102539,-0.0938153862953186,0.0,959.0583609596608,727.7384617283202,365.54676818847656,569.1807250976562,81.04367065429688,54.9368896484375,1.4752140351033123,0.6762845516204834,7.3233552722814235,2.886179717223463,7.871566921786553,car,0
8,RECORD@2020-11-21_13.44.44,0,4,11.225390434265137,-3.4100003242492676,-0.48000001907348633,0.0,150989927612416.0,11.224954605102539,-0.0938153862953186,0.0,959.0583609596608,727.7384617283202,1192.0156860351562,559.7044830322266,186.4420166015625,145.84982299804688,1.2783150007940647,0.5629347562789917,-1.2494894086741126,1.1521027262291832,1.6995777340779386,truck,0
8,RECORD@2020-11-21_13.44.44,0,5,11.225390434265137,-3.4100003242492676,-0.48000001907348633,0.0,150989927612416.0,11.224954605102539,-0.0938153862953186,0.0,959.0583609596608,727.7384617283202,584.6165161132812,554.525390625,50.764404296875,39.09228515625,1.2985785838298298,0.4583234488964081,7.376070891260903,4.430876077236105,8.604596713660067,car,0
8,RECORD@2020-11-21_13.44.44,0,6,11.225390434265137,-3.4100003242492676,-0.48000001907348633,0.0,150989927612416.0,11.224954605102539,-0.0938153862953186,0.0,959.0583609596608,727.7384617283202,585.5406494140625,561.8268127441406,55.945068359375,52.26617431640625,1.0703876664226015,0.40895965695381165,6.676508269615977,3.1743599211947724,7.3927209864527015,car,0
8,RECORD@2020-11-21_13.44.44,1,0,11.869140625,-1.2555556297302246,-16.622222900390625,0.0,181654500933632.0,11.37314224243164,-3.395284652709961,0.0,1408.651681218409,719.6119185992421,960.4643249511719,627.5881958007812,261.66461181640625,228.4779052734375,1.1452512727795348,0.8646455407142639,1.7128313727868647,0.40276858582158676,1.759549330177377,car,0
8,RECORD@2020-11-21_13.44.44,1,1,11.869140625,-1.2555556297302246,-16.622222900390625,0.0,181654500933632.0,11.37314224243164,-3.395284652709961,0.0,1408.651681218409,719.6119185992421,1417.3843383789062,619.3045654296875,320.8983154296875,226.2431640625,1.4183779508186107,0.8476338982582092,-0.027213159872167072,0.4433608130667965,0.4441951897910185,car,1
8,RECORD@2020-11-21_13.44.44,1,2,11.869140625,-1.2555556297302246,-16.622222900390625,0.0,181654500933632.0,11.37314224243164,-3.395284652709961,0.0,1408.651681218409,719.6119185992421,128.59046936035156,579.6299438476562,108.19149780273438,80.33203125,1.3468039600048627,0.7226975560188293,11.831439973148296,1.742542452536153,11.959072958933817,car,0
8,RECORD@2020-11-21_13.44.44,1,3,11.869140625,-1.2555556297302246,-16.622222900390625,0.0,181654500933632.0,11.37314224243164,-3.395284652709961,0.0,1408.651681218409,719.6119185992421,365.54676818847656,569.1807250976562,81.04367065429688,54.9368896484375,1.4752140351033123,0.6762845516204834,12.870899165950203,2.7382546493668194,13.158954512606106,car,0
8,RECORD@2020-11-21_13.44.44,1,4,11.869140625,-1.2555556297302246,-16.622222900390625,0.0,181654500933632.0,11.37314224243164,-3.395284652709961,0.0,1408.651681218409,719.6119185992421,1192.0156860351562,559.7044830322266,186.4420166015625,145.84982299804688,1.2783150007940647,0.5629347562789917,1.1619483587018726,1.0963841592674195,1.5975550735365909,truck,0
8,RECORD@2020-11-21_13.44.44,1,5,11.869140625,-1.2555556297302246,-16.622222900390625,0.0,181654500933632.0,11.37314224243164,-3.395284652709961,0.0,1408.651681218409,719.6119185992421,584.6165161132812,554.525390625,50.764404296875,39.09228515625,1.2985785838298298,0.4583234488964081,16.232538853132066,4.222995082390276,16.77286514237608,car,0
8,RECORD@2020-11-21_13.44.44,1,6,11.869140625,-1.2555556297302246,-16.622222900390625,0.0,181654500933632.0,11.37314224243164,-3.395284652709961,0.0,1408.651681218409,719.6119185992421,585.5406494140625,561.8268127441406,55.945068359375,52.26617431640625,1.0703876664226015,0.40895965695381165,14.712843436295733,3.018876126266871,15.019366665964796,car,0
9,RECORD@2020-11-21_13.44.44,0,0,11.265625,1.3999998569488525,-0.4000000059604645,-1.0,150688508149760.0,11.26363468170166,-0.0786362811923027,-0.19661226868629456,956.8574066158502,754.8004464737244,1409.292724609375,615.0368804931641,314.714599609375,221.15365600585938,1.4230585435179817,0.8871604800224304,-1.437605114459543,0.6319749286751892,1.5703823660479146,car,0
9,RECORD@2020-11-21_13.44.44,0,1,11.265625,1.3999998569488525,-0.4000000059604645,-1.0,150688508149760.0,11.26363468170166,-0.0786362811923027,-0.19661226868629456,956.8574066158502,754.8004464737244,958.9784545898438,622.067138671875,263.2620849609375,233.11376953125,1.1293287629053845,0.8677359223365784,-0.008056792432940958,0.5693928250945977,0.5694498232272222,car,1
9,RECORD@2020-11-21_13.44.44,0,2,11.265625,1.3999998569488525,-0.4000000059604645,-1.0,150688508149760.0,11.26363468170166,-0.0786362811923027,-0.19661226868629456,956.8574066158502,754.8004464737244,98.66630935668945,576.6558837890625,133.2120590209961,85.157958984375,1.5642937032513682,0.796884298324585,6.442292864221082,2.091930863647734,6.77342690863907,car,0
9,RECORD@2020-11-21_13.44.44,0,3,11.265625,1.3999998569488525,-0.4000000059604645,-1.0,150688508149760.0,11.26363468170166,-0.0786362811923027,-0.19661226868629456,956.8574066158502,754.8004464737244,1199.6159057617188,556.8977203369141,148.5240478515625,145.20370483398438,1.0228667926990869,0.5981492400169373,-1.6344726841035573,1.3629316577223582,2.128164387142709,truck,0
9,RECORD@2020-11-21_13.44.44,1,0,12.2086181640625,-3.3312501907348633,-16.0,0.0,134671199371264.0,11.735677719116211,-3.3651511669158936,0.0,1393.7505029591628,714.6617952146627,1409.292724609375,615.0368804931641,314.714599609375,221.15365600585938,1.4230585435179817,0.8871604800224304,-0.04938513074863164,0.4504782625834551,0.45317717969825855,car,1
9,RECORD@2020-11-21_13.44.44,1,1,12.2086181640625,-3.3312501907348633,-16.0,0.0,134671199371264.0,11.735677719116211,-3.3651511669158936,0.0,1393.7505029591628,714.6617952146627,958.9784545898438,622.067138671875,263.2620849609375,233.11376953125,1.1293287629053845,0.8677359223365784,1.651479925162144,0.3972080101873816,1.6985759172231836,car,0
9,RECORD@2020-11-21_13.44.44,1,2,12.2086181640625,-3.3312501907348633,-16.0,0.0,134671199371264.0,11.735677719116211,-3.3651511669158936,0.0,1393.7505029591628,714.6617952146627,98.66630935668945,576.6558837890625,133.2120590209961,85.157958984375,1.5642937032513682,0.796884298324585,9.721974144986001,1.6205873540360667,9.856119147404717,car,0
9,RECORD@2020-11-21_13.44.44,1,3,12.2086181640625,-3.3312501907348633,-16.0,0.0,134671199371264.0,11.735677719116211,-3.3651511669158936,0.0,1393.7505029591628,714.6617952146627,1199.6159057617188,556.8977203369141,148.5240478515625,145.20370483398438,1.0228667926990869,0.5981492400169373,1.307092016448848,1.086501718796534,1.6996986569424999,truck,0
10,RECORD@2020-11-21_13.44.44,0,0,11.104687690734863,-6.106666564941406,0.2933333218097687,-1.0,166369031094272.0,11.10283374786377,0.05677739530801773,-0.19380353391170502,937.0703410906785,757.3806647585566,1400.104248046875,612.6976623535156,308.608154296875,215.87078857421875,1.4295966412832746,0.9064587950706482,-1.5003942718596053,0.6702296469135163,1.643286569844387,car,0
10,RECORD@2020-11-21_13.44.44,0,1,11.104687690734863,-6.106666564941406,0.2933333218097687,-1.0,166369031094272.0,11.10283374786377,0.05677739530801773,-0.19380353391170502,937.0703410906785,757.3806647585566,957.626708984375,621.1904754638672,263.257080078125,229.56802368164062,1.1467497775003872,0.8680305480957031,-0.07808476751165093,0.5932454664659859,0.5983622768856621,car,1
10,RECORD@2020-11-21_13.44.44,0,2,11.104687690734863,-6.106666564941406,0.2933333218097687,-1.0,166369031094272.0,11.10283374786377,0.05677739530801773,-0.19380353391170502,937.0703410906785,757.3806647585566,84.2354850769043,576.0198669433594,133.9892349243164,84.17706298828125,1.5917546914528222,0.6918475031852722,6.364950561106618,2.154515629043097,6.719712288567304,car,0
10,RECORD@2020-11-21_13.44.44,0,3,11.104687690734863,-6.106666564941406,0.2933333218097687,-1.0,166369031094272.0,11.10283374786377,0.05677739530801773,-0.19380353391170502,937.0703410906785,757.3806647585566,1198.9766235351562,555.1461181640625,146.1881103515625,138.8609619140625,1.0527660786480406,0.5540008544921875,-1.7915703391652629,1.4563815762680072,2.3088463733799225,truck,0
10,RECORD@2020-11-21_13.44.44,0,4,11.104687690734863,-6.106666564941406,0.2933333218097687,-1.0,166369031094272.0,11.10283374786377,0.05677739530801773,-0.19380353391170502,937.0703410906785,757.3806647585566,270.9154281616211,560.0307006835938,86.70655822753906,65.3975830078125,1.3258373511629773,0.4763200581073761,7.682866516058741,3.0176950737061197,8.25426686395871,car,0
10,RECORD@2020-11-21_13.44.44,1,0,12.593358993530273,-3.3400001525878906,-15.279998779296875,0.20000000298023224,76659965296640.0,12.147831916809082,-3.3185391426086426,0.044237758964300156,1376.5176208875118,703.7828303852295,1400.104248046875,612.6976623535156,308.608154296875,215.87078857421875,1.4295966412832746,0.9064587950706482,-0.07642904709728858,0.421942999482757,0.42880915807933184,car,1
10,RECORD@2020-11-21_13.44.44,1,1,12.593358993530273,-3.3400001525878906,-15.279998779296875,0.20000000298023224,76659965296640.0,12.147831916809082,-3.3185391426086426,0.044237758964300156,1376.5176208875118,703.7828303852295,957.626708984375,621.1904754638672,263.257080078125,229.56802368164062,1.1467497775003872,0.8680305480957031,1.5911857404892034,0.35977290563732617,1.6313517721101414,car,0
10,RECORD@2020-11-21_13.44.44,1,2,12.593358993530273,-3.3400001525878906,-15.279998779296875,0.20000000298023224,76659965296640.0,12.147831916809082,-3.3185391426086426,0.044237758964300156,1376.5176208875118,703.7828303852295,84.2354850769043,576.0198669433594,133.9892349243164,84.17706298828125,1.5917546914528222,0.6918475031852722,9.64467135393788,1.5177883250649498,9.763368625898206,car,0
10,RECORD@2020-11-21_13.44.44,1,3,12.593358993530273,-3.3400001525878906,-15.279998779296875,0.20000000298023224,76659965296640.0,12.147831916809082,-3.3185391426086426,0.044237758964300156,1376.5176208875118,703.7828303852295,1198.9766235351562,555.1461181640625,146.1881103515625,138.8609619140625,1.0527660786480406,0.5540008544921875,1.2144694731014285,1.0703995577472272,1.618854939245861,truck,0
10,RECORD@2020-11-21_13.44.44,1,4,12.593358993530273,-3.3400001525878906,-15.279998779296875,0.20000000298023224,76659965296640.0,12.147831916809082,-3.3185391426086426,0.044237758964300156,1376.5176208875118,703.7828303852295,270.9154281616211,560.0307006835938,86.70655822753906,65.3975830078125,1.3258373511629773,0.4763200581073761,12.75107921853526,2.1981260329523638,12.939156823151372,car,0
11,RECORD@2020-11-21_13.44.44,0,0,11.044336318969727,1.4199998378753662,0.5400000214576721,-1.0,327592624259072.0,11.042106628417969,0.10440254211425781,-0.1927502602338791,929.9886029885254,758.3733681967544,1388.8475952148438,611.3485717773438,296.5367431640625,212.2974853515625,1.396798189450999,0.8957628607749939,-1.5473933763832064,0.6925413938650243,1.6952993374301573,car,0
11,RECORD@2020-11-21_13.44.44,0,1,11.044336318969727,1.4199998378753662,0.5400000214576721,-1.0,327592624259072.0,11.042106628417969,0.10440254211425781,-0.1927502602338791,929.9886029885254,758.3733681967544,957.5765991210938,621.4001770019531,262.6534423828125,232.71551513671875,1.1286460304484014,0.8651076555252075,-0.10503573028507804,0.58858641682885,0.5978850012435037,car,1
11,RECORD@2020-11-21_13.44.44,0,2,11.044336318969727,1.4199998378753662,0.5400000214576721,-1.0,327592624259072.0,11.042106628417969,0.10440254211425781,-0.1927502602338791,929.9886029885254,758.3733681967544,1173.4550170898438,553.8491668701172,167.1031494140625,139.80593872070312,1.1952507235611234,0.5158945322036743,-1.4569827974817904,1.4629149748439858,2.0646837762186836,car,0
11,RECORD@2020-11-21_13.44.44,0,3,11.044336318969727,1.4199998378753662,0.5400000214576721,-1.0,327592624259072.0,11.042106628417969,0.10440254211425781,-0.1927502602338791,929.9886029885254,758.3733681967544,1176.4700927734375,554.8568115234375,165.556396484375,140.911376953125,1.174897301155806,0.4230797290802002,-1.4888068055297081,1.4442876159035611,2.0742498455210177,truck,0
11,RECORD@2020-11-21_13.44.44,0,4,11.044336318969727,1.4199998378753662,0.5400000214576721,-1.0,327592624259072.0,11.042106628417969,0.10440254211425781,-0.1927502602338791,929.9886029885254,758.3733681967544,309.03907012939453,568.2008666992188,129.75242614746094,93.10546875,1.393606926526117,0.41519054770469666,4.785648725777463,2.0425492084484635,5.2033105803391075,car,0
12,RECORD@2020-11-21_13.44.44,0,0,10.983983993530273,2.5,-0.3199999928474426,-1.0,206296104042496.0,10.982122421264648,-0.061504900455474854,-0.19169697165489197,954.6419738057485,759.3741777994286,1380.7916870117188,610.8748016357422,287.1500244140625,207.98855590820312,1.380604923959363,0.8929747343063354,-1.4840664355698399,0.7139785913472442,1.6468814814937853,car,0
12,RECORD@2020-11-21_13.44.44,0,1,10.983983993530273,2.5,-0.3199999928474426,-1.0,206296104042496.0,10.982122421264648,-0.061504900455474854,-0.19169697165489197,954.6419738057485,759.3741777994286,955.4586181640625,620.9731750488281,263.91943359375,233.57427978515625,1.1299165038055796,0.8765890002250671,-0.0030942941457316945,0.5925352863247741,0.5925433656672248,car,1
12,RECORD@2020-11-21_13.44.44,0,2,10.983983993530273,2.5,-0.3199999928474426,-1.0,206296104042496.0,10.982122421264648,-0.061504900455474854,-0.19169697165489197,954.6419738057485,759.3741777994286,238.4766082763672,578.3540649414062,187.92233276367188,110.4847412109375,1.7008894685727733,0.7793704271316528,3.8109646416002056,1.6384173133231013,4.148236106120754,car,0
12,RECORD@2020-11-21_13.44.44,0,3,10.983983993530273,2.5,-0.3199999928474426,-1.0,206296104042496.0,10.982122421264648,-0.061504900455474854,-0.19169697165489197,954.6419738057485,759.3741777994286,1173.35107421875,555.3354949951172,166.478271484375,137.88748168945312,1.2073486979718244,0.6438300609588623,-1.313739615764383,1.4797476921352617,1.9787786663516418,car,0
12,RECORD@2020-11-21_13.44.44,0,4,10.983983993530273,2.5,-0.3199999928474426,-1.0,206296104042496.0,10.982122421264648,-0.061504900455474854,-0.19169697165489197,954.6419738057485,759.3741777994286,141.72216796875,566.947509765625,123.38937377929688,88.697021484375,1.3911332276364357,0.47597476840019226,6.5882480876436365,2.1694828621466367,6.936257546652084,car,0
13,RECORD@2020-11-21_13.44.44,0,0,11.153862953186035,-2.8222222328186035,-0.3333333730697632,-2.8888888359069824,87443780927488.0,11.137720108032227,-0.06468069553375244,-0.5637910962104797,955.0128757936045,809.1949251592298,1371.3206176757812,607.3699035644531,274.8182373046875,199.76861572265625,1.3756827433105134,0.9132292866706848,-1.5148475805869521,1.0102939386383665,1.8208396510565026,car,0
13,RECORD@2020-11-21_13.44.44,0,1,11.153862953186035,-2.8222222328186035,-0.3333333730697632,-2.8888888359069824,87443780927488.0,11.137720108032227,-0.06468069553375244,-0.5637910962104797,955.0128757936045,809.1949251592298,954.5804138183594,621.8036041259766,265.99786376953125,233.90817260742188,1.1371892687818432,0.8802049160003662,0.001625809956202622,0.8011319952798748,0.8011336449801163,car,1
13,RECORD@2020-11-21_13.44.44,0,2,11.153862953186035,-2.8222222328186035,-0.3333333730697632,-2.8888888359069824,87443780927488.0,11.137720108032227,-0.06468069553375244,-0.5637910962104797,955.0128757936045,809.1949251592298,154.7140007019043,589.3124694824219,220.38358306884766,134.23590087890625,1.6417633555992963,0.7975149750709534,3.6313906142531835,1.6380301710431633,3.9837345085401723,car,0
13,RECORD@2020-11-21_13.44.44,0,3,11.153862953186035,-2.8222222328186035,-0.3333333730697632,-2.8888888359069824,87443780927488.0,11.137720108032227,-0.06468069553375244,-0.5637910962104797,955.0128757936045,809.1949251592298,61.97114181518555,575.6614379882812,123.14289093017578,109.1011962890625,1.1287033975677954,0.6047290563583374,7.252077056439982,2.140521782659504,7.561379182039677,car,0
13,RECORD@2020-11-21_13.44.44,0,4,11.153862953186035,-2.8222222328186035,-0.3333333730697632,-2.8888888359069824,87443780927488.0,11.137720108032227,-0.06468069553375244,-0.5637910962104797,955.0128757936045,809.1949251592298,1174.539794921875,554.1295928955078,170.715087890625,137.73995971679688,1.2394013200063898,0.5751676559448242,-1.2859257013587377,1.8517889273973536,2.2544904393335545,car,0
13,RECORD@2020-11-21_13.44.44,0,5,11.153862953186035,-2.8222222328186035,-0.3333333730697632,-2.8888888359069824,87443780927488.0,11.137720108032227,-0.06468069553375244,-0.5637910962104797,955.0128757936045,809.1949251592298,469.33775329589844,559.0025024414062,141.56338500976562,63.0966796875,2.2435948406618067,0.4983312487602234,3.430796193974891,3.9652232725550034,5.243410924751598,car,0
14,RECORD@2020-11-21_13.44.44,0,0,10.983983993530273,-3.1449999809265137,0.6499999761581421,-1.0,141399735402496.0,10.981485366821289,0.12511280179023743,-0.19169697165489197,926.8463812573115,759.3753546077075,1361.716552734375,608.2984466552734,270.248291015625,197.66909790039062,1.3671752129501216,0.8981645107269287,-1.6091504958006213,0.7642919887688503,1.7814341307585948,car,0
14,RECORD@2020-11-21_13.44.44,0,1,10.983983993530273,-3.1449999809265137,0.6499999761581421,-1.0,141399735402496.0,10.981485366821289,0.12511280179023743,-0.19169697165489197,926.8463812573115,759.3753546077075,953.6393737792969,624.9212951660156,265.89239501953125,231.69964599609375,1.1475735919942405,0.8872637152671814,-0.1007662987879639,0.5802946261038254,0.588978522576506,car,0
14,RECORD@2020-11-21_13.44.44,0,2,10.983983993530273,-3.1449999809265137,0.6499999761581421,-1.0,141399735402496.0,10.981485366821289,0.12511280179023743,-0.19169697165489197,926.8463812573115,759.3753546077075,92.97092247009277,599.5380859375,185.31743240356445,152.001708984375,1.21917992660605,0.7742427587509155,4.499714074233956,1.0515491551916565,4.620950375804033,car,0
14,RECORD@2020-11-21_13.44.44,0,3,10.983983993530273,-3.1449999809265137,0.6499999761581421,-1.0,141399735402496.0,10.981485366821289,0.12511280179023743,-0.19169697165489197,926.8463812573115,759.3753546077075,1887.650390625,865.4340515136719,63.73388671875,305.89605712890625,0.20835144891028196,0.699407160282135,-15.075245820290254,-0.34671482169928924,15.079232331579906,car,0
14,RECORD@2020-11-21_13.44.44,0,4,10.983983993530273,-3.1449999809265137,0.6499999761581421,-1.0,141399735402496.0,10.981485366821289,0.12511280179023743,-0.19169697165489197,926.8463812573115,759.3753546077075,1171.4994506835938,555.9721374511719,164.7476806640625,136.52362060546875,1.2067338965478855,0.5937607288360596,-1.4850167749866847,1.4898756438956315,2.103569408473435,car,0
14,RECORD@2020-11-21_13.44.44,0,5,10.983983993530273,-3.1449999809265137,0.6499999761581421,-1.0,141399735402496.0,10.981485366821289,0.12511280179023743,-0.19169697165489197,926.8463812573115,759.3753546077075,441.558837890625,569.5129089355469,137.3323974609375,71.93646240234375,1.909079107794201,0.5031388998031616,3.533671241010123,2.639307512930672,4.410530193452292,car,0
14,RECORD@2020-11-21_13.44.44,0,6,10.983983993530273,-3.1449999809265137,0.6499999761581421,-1.0,141399735402496.0,10.981485366821289,0.12511280179023743,-0.19169697165489197,926.8463812573115,759.3753546077075,187.7667236328125,562.3676147460938,73.37417602539062,72.2230224609375,1.0159388727476164,0.47943735122680664,10.072748992353189,2.7277692507007343,10.435564064679046,car,0
15,RECORD@2020-11-21_13.44.44,0,0,10.937397003173828,-3.473684310913086,-0.4000000059604645,-1.0,114573839433728.0,10.935464859008789,-0.07634518295526505,-0.19088391959667206,956.9090774454339,760.1534065969566,1350.1825561523438,607.8525695800781,261.4932861328125,188.03045654296875,1.390696437909547,0.8944030404090881,-1.5039524896527023,0.8099796161590168,1.7081979012180264,car,0
15,RECORD@2020-11-21_13.44.44,0,1,10.937397003173828,-3.473684310913086,-0.4000000059604645,-1.0,114573839433728.0,10.935464859008789,-0.07634518295526505,-0.19088391959667206,956.9090774454339,760.1534065969566,951.030029296875,625.5946197509766,266.99560546875,230.94259643554688,1.1561124261598275,0.8761609196662903,0.022019269336801966,0.5826503595387338,0.5830662824179961,car,0
15,RECORD@2020-11-21_13.44.44,0,2,10.937397003173828,-3.473684310913086,-0.4000000059604645,-1.0,114573839433728.0,10.935464859008789,-0.07634518295526505,-0.19088391959667206,956.9090774454339,760.1534065969566,1872.6941528320312,842.4289855957031,93.9525146484375,327.41070556640625,0.2869561472826728,0.7601333856582642,-9.747318406680108,-0.25129165784733065,9.750557092725959,car,0
15,RECORD@2020-11-21_13.44.44,0,3,10.937397003173828,-3.473684310913086,-0.4000000059604645,-1.0,114573839433728.0,10.935464859008789,-0.07634518295526505,-0.19088391959667206,956.9090774454339,760.1534065969566,1167.47216796875,554.3838043212891,156.4287109375,135.12094116210938,1.1576940597966006,0.5562792420387268,-1.3460642183994285,1.5228550105257075,2.0324803229400565,car,0
15,RECORD@2020-11-21_13.44.44,0,4,10.937397003173828,-3.473684310913086,-0.4000000059604645,-1.0,114573839433728.0,10.935464859008789,-0.07634518295526505,-0.19088391959667206,956.9090774454339,760.1534065969566,407.3671875,568.2674255371094,181.8013916015625,68.75628662109375,2.644142092830645,0.43439045548439026,3.0227595350304837,2.7908136185030465,4.114087488112008,car,0
15,RECORD@2020-11-21_13.44.44,0,5,10.937397003173828,-3.473684310913086,-0.4000000059604645,-1.0,114573839433728.0,10.935464859008789,-0.07634518295526505,-0.19088391959667206,956.9090774454339,760.1534065969566,125.03608703613281,544.1011962890625,101.33953857421875,43.7537841796875,2.316131975191878,0.4267943203449249,8.208770259991429,4.937909128513629,9.579501852537948,car,0
16,RECORD@2020-11-21_13.44.44,0,0,10.923632621765137,4.220000267028809,-1.2799999713897705,-0.8999999761581421,59247287074816.0,10.915069580078125,-0.24516606330871582,-0.17372062802314758,982.2262860068266,758.0687265157754,1339.7240600585938,603.1674194335938,252.7786865234375,181.939697265625,1.3893542218792982,0.9113566875457764,-1.4142718239760301,0.8513881764683366,1.6507654646019725,car,0
16,RECORD@2020-11-21_13.44.44,0,1,10.923632621765137,4.220000267028809,-1.2799999713897705,-0.8999999761581421,59247287074816.0,10.915069580078125,-0.24516606330871582,-0.17372062802314758,982.2262860068266,758.0687265157754,950.077880859375,622.2334899902344,264.536865234375,234.98016357421875,1.1257838160063274,0.8711997270584106,0.12152712673512898,0.5780710782535368,0.5907072151630642,car,0
16,RECORD@2020-11-21_13.44.44,0,2,10.923632621765137,4.220000267028809,-1.2799999713897705,-0.8999999761581421,59247287074816.0,10.915069580078125,-0.24516606330871582,-0.17372062802314758,982.2262860068266,758.0687265157754,1860.186767578125,832.7775573730469,118.2333984375,322.83746337890625,0.36623196453111895,0.7791276574134827,-7.425655467692589,-0.23141313921670717,7.429260472340095,car,0
16,RECORD@2020-11-21_13.44.44,0,3,10.923632621765137,4.220000267028809,-1.2799999713897705,-0.8999999761581421,59247287074816.0,10.915069580078125,-0.24516606330871582,-0.17372062802314758,982.2262860068266,758.0687265157754,109.53456020355225,561.6287536621094,155.61194038391113,84.59942626953125,1.839397112317714,0.6192271709442139,5.608128294334301,2.3220012418029192,6.069826417011219,car,0
16,RECORD@2020-11-21_13.44.44,0,4,10.923632621765137,4.220000267028809,-1.2799999713897705,-0.8999999761581421,59247287074816.0,10.915069580078125,-0.24516606330871582,-0.17372062802314758,982.2262860068266,758.0687265157754,1168.005859375,554.6859588623047,159.0810546875,129.41763305664062,1.2292069552676563,0.5980836153030396,-1.1678296559770749,1.5715228508657604,1.957935181810874,car,0
16,RECORD@2020-11-21_13.44.44,0,5,10.923632621765137,4.220000267028809,-1.2799999713897705,-0.8999999761581421,59247287074816.0,10.915069580078125,-0.24516606330871582,-0.17372062802314758,982.2262860068266,758.0687265157754,366.7809143066406,584.3925170898438,231.3692626953125,109.7823486328125,2.1075269893265816,0.4962848722934723,2.6600135408248193,1.5820048631572285,3.0949008747332303,car,0
16,RECORD@2020-11-21_13.44.44,1,0,15.356120109558105,-2.4000000953674316,-13.133333206176758,-2.6666667461395264,56546478260224.0,14.936179161071777,-3.484781265258789,-0.715901792049408,1324.0792740094803,754.6615450143131,1339.7240600585938,603.1674194335938,252.7786865234375,181.939697265625,1.3893542218792982,0.9113566875457764,-0.061891238791854736,0.8326611941073185,0.8349581963256699,car,0
16,RECORD@2020-11-21_13.44.44,1,1,15.356120109558105,-2.4000000953674316,-13.133333206176758,-2.6666667461395264,56546478260224.0,14.936179161071777,-3.484781265258789,-0.715901792049408,1324.0792740094803,754.6615450143131,950.077880859375,622.2334899902344,264.536865234375,234.98016357421875,1.1257838160063274,0.8711997270584106,1.4137968740906741,0.5635712096278764,1.5219836101318533,car,0
16,RECORD@2020-11-21_13.44.44,1,2,15.356120109558105,-2.4000000953674316,-13.133333206176758,-2.6666667461395264,56546478260224.0,14.936179161071777,-3.484781265258789,-0.715901792049408,1324.0792740094803,754.6615450143131,1860.186767578125,832.7775573730469,118.2333984375,322.83746337890625,0.36623196453111895,0.7791276574134827,-4.534315182118692,-0.2419669995580747,4.54076669733947,car,0
16,RECORD@2020-11-21_13.44.44,1,3,15.356120109558105,-2.4000000953674316,-13.133333206176758,-2.6666667461395264,56546478260224.0,14.936179161071777,-3.484781265258789,-0.715901792049408,1324.0792740094803,754.6615450143131,109.53456020355225,561.6287536621094,155.61194038391113,84.59942626953125,1.839397112317714,0.6192271709442139,7.8049583522287405,2.281726955655787,8.131645145983155,car,0
16,RECORD@2020-11-21_13.44.44,1,4,15.356120109558105,-2.4000000953674316,-13.133333206176758,-2.6666667461395264,56546478260224.0,14.936179161071777,-3.484781265258789,-0.715901792049408,1324.0792740094803,754.6615450143131,1168.005859375,554.6859588623047,159.0810546875,129.41763305664062,1.2292069552676563,0.5980836153030396,0.9810936628567875,1.5451958240071317,1.8303483028721135,car,0
16,RECORD@2020-11-21_13.44.44,1,5,15.356120109558105,-2.4000000953674316,-13.133333206176758,-2.6666667461395264,56546478260224.0,14.936179161071777,-3.484781265258789,-0.715901792049408,1324.0792740094803,754.6615450143131,366.7809143066406,584.3925170898438,231.3692626953125,109.7823486328125,2.1075269893265816,0.4962848722934723,4.137534729336519,1.550969076950301,4.418676126864458,car,0
17,RECORD@2020-11-21_13.44.44,0,0,11.054394721984863,-4.135000228881836,1.190000057220459,-0.949999988079071,77293598801920.0,11.040942192077637,0.2307409942150116,-0.18701300024986267,911.267391159846,757.5666218188663,1332.8690795898438,601.9342956542969,242.3765869140625,179.10797119140625,1.3532428808265788,0.9089531898498535,-1.739448903864141,0.8689302052238133,1.944407928060483,car,0
17,RECORD@2020-11-21_13.44.44,0,1,11.054394721984863,-4.135000228881836,1.190000057220459,-0.949999988079071,77293598801920.0,11.040942192077637,0.2307409942150116,-0.18701300024986267,911.267391159846,757.5666218188663,949.1828308105469,623.7772369384766,264.67852783203125,231.30282592773438,1.1442943974870605,0.8824447393417358,-0.1432509087959054,0.5784165599524037,0.5958913824666585,car,0
17,RECORD@2020-11-21_13.44.44,0,2,11.054394721984863,-4.135000228881836,1.190000057220459,-0.949999988079071,77293598801920.0,11.040942192077637,0.2307409942150116,-0.18701300024986267,911.267391159846,757.5666218188663,1849.72705078125,818.0919799804688,138.41015625,319.5985107421875,0.4330750976547953,0.7936011552810669,-6.780280328029786,-0.1893793498006215,6.782924580503502,car,0
17,RECORD@2020-11-21_13.44.44,0,3,11.054394721984863,-4.135000228881836,1.190000057220459,-0.949999988079071,77293598801920.0,11.040942192077637,0.2307409942150116,-0.18701300024986267,911.267391159846,757.5666218188663,257.01014709472656,583.8853149414062,175.70004272460938,114.30615234375,1.5371004895364782,0.792561411857605,3.7237170459349076,1.519439709204389,4.021786377729841,car,0
17,RECORD@2020-11-21_13.44.44,0,4,11.054394721984863,-4.135000228881836,1.190000057220459,-0.949999988079071,77293598801920.0,11.040942192077637,0.2307409942150116,-0.18701300024986267,911.267391159846,757.5666218188663,98.4843864440918,564.0498352050781,147.5785903930664,92.29364013671875,1.5990114830713313,0.6460443139076233,5.507458788913468,2.0967510472782633,5.893086395586161,car,0
17,RECORD@2020-11-21_13.44.44,0,5,11.054394721984863,-4.135000228881836,1.190000057220459,-0.949999988079071,77293598801920.0,11.040942192077637,0.2307409942150116,-0.18701300024986267,911.267391159846,757.5666218188663,1164.5604858398438,551.8408660888672,150.7899169921875,128.97744750976562,1.1691184769397016,0.552089273929596,-1.6797747470948003,1.5950521560323363,2.3164271155037026,car,0
17,RECORD@2020-11-21_13.44.44,0,6,11.054394721984863,-4.135000228881836,1.190000057220459,-0.949999988079071,77293598801920.0,11.040942192077637,0.2307409942150116,-0.18701300024986267,911.267391159846,757.5666218188663,1252.0799560546875,590.7141723632812,89.35107421875,149.7938232421875,0.596493715727428,0.48383772373199463,-3.8143085337783567,1.1138807051197104,3.9736230088034747,car,0
18,RECORD@2020-11-21_13.44.44,0,0,11.044336318969727,2.2699997425079346,-0.14000001549720764,-1.399999976158142,95897576800256.0,11.039739608764648,-0.02634839154779911,-0.2713472545146942,949.3928084676022,769.6792319237402,1317.7426147460938,608.4805603027344,238.4776611328125,170.68719482421875,1.3971619920194212,0.9045587182044983,-1.544588304534532,0.9444098708577136,1.8104317260472276,car,0
18,RECORD@2020-11-21_13.44.44,0,1,11.044336318969727,2.2699997425079346,-0.14000001549720764,-1.399999976158142,95897576800256.0,11.039739608764648,-0.02634839154779911,-0.2713472545146942,949.3928084676022,769.6792319237402,949.2735900878906,636.9033508300781,262.96014404296875,227.74639892578125,1.1546182301159593,0.9008537530899048,0.0004533705293837318,0.5829988167537679,0.5829989930361203,car,0
18,RECORD@2020-11-21_13.44.44,0,2,11.044336318969727,2.2699997425079346,-0.14000001549720764,-1.399999976158142,95897576800256.0,11.039739608764648,-0.02634839154779911,-0.2713472545146942,949.3928084676022,769.6792319237402,164.68458938598633,602.8995361328125,202.23470306396484,122.8634033203125,1.6460125440016216,0.8196793794631958,3.8801857801498114,1.3574399803668362,4.110776689237098,car,0
18,RECORD@2020-11-21_13.44.44,0,3,11.044336318969727,2.2699997425079346,-0.14000001549720764,-1.399999976158142,95897576800256.0,11.039739608764648,-0.02634839154779911,-0.2713472545146942,949.3928084676022,769.6792319237402,1838.10546875,814.7283020019531,162.7119140625,321.77642822265625,0.5056675995853555,0.8145070672035217,-5.4618782244859485,-0.14000115026151264,5.4636722139224565,car,0
18,RECORD@2020-11-21_13.44.44,0,4,11.044336318969727,2.2699997425079346,-0.14000001549720764,-1.399999976158142,95897576800256.0,11.039739608764648,-0.02634839154779911,-0.2713472545146942,949.3928084676022,769.6792319237402,55.304019927978516,575.352783203125,109.50121307373047,90.34716796875,1.2120049309304928,0.7601399421691895,8.165103960424682,2.1508858892824443,8.443650442389073,car,0
18,RECORD@2020-11-21_13.44.44,0,5,11.044336318969727,2.2699997425079346,-0.14000001549720764,-1.399999976158142,95897576800256.0,11.039739608764648,-0.02634839154779911,-0.2713472545146942,949.3928084676022,769.6792319237402,362.05322265625,575.96142578125,122.6651611328125,63.60498046875,1.9285464790462372,0.6077234148979187,4.788153216343356,3.045638953346844,5.6747094954123325,car,0
18,RECORD@2020-11-21_13.44.44,0,6,11.044336318969727,2.2699997425079346,-0.14000001549720764,-1.399999976158142,95897576800256.0,11.039739608764648,-0.02634839154779911,-0.2713472545146942,949.3928084676022,769.6792319237402,835.376220703125,546.6186828613281,54.7752685546875,36.33709716796875,1.5074200424290372,0.5187665224075317,2.081534071360021,6.138645253673167,6.481955695673701,car,0
18,RECORD@2020-11-21_13.44.44,0,7,11.044336318969727,2.2699997425079346,-0.14000001549720764,-1.399999976158142,95897576800256.0,11.039739608764648,-0.02634839154779911,-0.2713472545146942,949.3928084676022,769.6792319237402,1166.5714721679688,560.9841461181641,136.8878173828125,121.86544799804688,1.1232701280924713,0.5010606646537781,-1.5865448646391762,1.7125041530140754,2.3344796168746895,car,0
19,RECORD@2020-11-21_13.44.44,0,0,11.123620986938477,-0.282353013753891,0.0,-1.2941176891326904,145758875549696.0,11.120055198669434,0.0005647079669870436,-0.2523529827594757,945.3761158667226,765.3915468822673,948.9861450195312,640.0495910644531,263.2105712890625,228.13629150390625,1.1537426577505128,0.9081863760948181,-0.013715365363665789,0.5494169953914064,0.5495881604183077,car,0
19,RECORD@2020-11-21_13.44.44,0,1,11.123620986938477,-0.282353013753891,0.0,-1.2941176891326904,145758875549696.0,11.120055198669434,0.0005647079669870436,-0.2523529827594757,945.3761158667226,765.3915468822673,1312.3689575195312,609.8734436035156,233.0360107421875,167.72857666015625,1.3893637887022323,0.9061377048492432,-1.5748331791468073,0.927200995652966,1.8275123059726552,car,0
19,RECORD@2020-11-21_13.44.44,0,2,11.123620986938477,-0.282353013753891,0.0,-1.2941176891326904,145758875549696.0,11.120055198669434,0.0005647079669870436,-0.2523529827594757,945.3761158667226,765.3915468822673,93.78811454772949,613.33984375,187.5502052307129,141.520751953125,1.3252487896109677,0.7901549935340881,4.540586880571104,1.0744127700977057,4.665971712362116,car,0
19,RECORD@2020-11-21_13.44.44,0,3,11.123620986938477,-0.282353013753891,0.0,-1.2941176891326904,145758875549696.0,11.120055198669434,0.0005647079669870436,-0.2523529827594757,945.3761158667226,765.3915468822673,1830.0845947265625,811.55859375,178.711669921875,324.36328125,0.550961468983706,0.643552303314209,-4.950479614714563,-0.14233129807362455,4.9525252764741925,car,0
19,RECORD@2020-11-21_13.44.44,0,4,11.123620986938477,-0.282353013753891,0.0,-1.2941176891326904,145758875549696.0,11.120055198669434,0.0005647079669870436,-0.2523529827594757,945.3761158667226,765.3915468822673,323.62686920166016,599.860107421875,142.8304901123047,98.373779296875,1.451916264000258,0.5373334288597107,4.353056873054162,1.6826784600889142,4.666959496298556,car,0
19,RECORD@2020-11-21_13.44.44,0,5,11.123620986938477,-0.282353013753891,0.0,-1.2941176891326904,145758875549696.0,11.120055198669434,0.0005647079669870436,-0.2523529827594757,945.3761158667226,765.3915468822673,1159.126708984375,566.9541168212891,144.095703125,123.95870971679688,1.1624492014656271,0.4363161027431488,-1.4833932482513257,1.6008349111921196,2.1824591500985995,car,0
19,RECORD@2020-11-21_13.44.44,0,6,11.123620986938477,-0.282353013753891,0.0,-1.2941176891326904,145758875549696.0,11.120055198669434,0.0005647079669870436,-0.2523529827594757,945.3761158667226,765.3915468822673,1087.6981811523438,538.2100830078125,91.6590576171875,93.5181884765625,0.9801201147107235,0.40264779329299927,-1.5527332375598588,2.429275711765856,2.883116541314039,car,0
19,RECORD@2020-11-21_13.44.44,1,0,16.96549415588379,10.833333015441895,-12.266666412353516,-3.3333332538604736,65990314426368.0,16.54789161682129,-3.5981245040893555,-0.9847728610038757,1302.7847917889962,760.6199874192248,948.9861450195312,640.0495910644531,263.2105712890625,228.13629150390625,1.1537426577505128,0.9081863760948181,1.344165794849163,0.5285016055970526,1.4443322440356807,car,0
19,RECORD@2020-11-21_13.44.44,1,1,16.96549415588379,10.833333015441895,-12.266666412353516,-3.3333332538604736,65990314426368.0,16.54789161682129,-3.5981245040893555,-0.9847728610038757,1302.7847917889962,760.6199874192248,1312.3689575195312,609.8734436035156,233.0360107421875,167.72857666015625,1.3893637887022323,0.9061377048492432,-0.041127402155618616,0.8987528948101952,0.8996934084107628,car,0
19,RECORD@2020-11-21_13.44.44,1,2,16.96549415588379,10.833333015441895,-12.266666412353516,-3.3333332538604736,65990314426368.0,16.54789161682129,-3.5981245040893555,-0.9847728610038757,1302.7847917889962,760.6199874192248,93.78811454772949,613.33984375,187.5502052307129,141.520751953125,1.3252487896109677,0.7901549935340881,6.446256221122405,1.0406964465395678,6.5297219207405295,car,0
19,RECORD@2020-11-21_13.44.44,1,3,16.96549415588379,10.833333015441895,-12.266666412353516,-3.3333332538604736,65990314426368.0,16.54789161682129,-3.5981245040893555,-0.9847728610038757,1302.7847917889962,760.6199874192248,1830.0845947265625,811.55859375,178.711669921875,324.36328125,0.550961468983706,0.643552303314209,-2.950561668233971,-0.15704183942915148,2.9547379405596907,car,0
19,RECORD@2020-11-21_13.44.44,1,4,16.96549415588379,10.833333015441895,-12.266666412353516,-3.3333332538604736,65990314426368.0,16.54789161682129,-3.5981245040893555,-0.9847728610038757,1302.7847917889962,760.6199874192248,323.62686920166016,599.860107421875,142.8304901123047,98.373779296875,1.451916264000258,0.5373334288597107,6.855384461801148,1.634174077141068,7.047469122564815,car,0
19,RECORD@2020-11-21_13.44.44,1,5,16.96549415588379,10.833333015441895,-12.266666412353516,-3.3333332538604736,65990314426368.0,16.54789161682129,-3.5981245040893555,-0.9847728610038757,1302.7847917889962,760.6199874192248,1159.126708984375,566.9541168212891,144.095703125,123.95870971679688,1.1624492014656271,0.4363161027431488,0.9969629884105626,1.562341775260454,1.8533340289825002,car,0
19,RECORD@2020-11-21_13.44.44,1,6,16.96549415588379,10.833333015441895,-12.266666412353516,-3.3333332538604736,65990314426368.0,16.54789161682129,-3.5981245040893555,-0.9847728610038757,1302.7847917889962,760.6199874192248,1087.6981811523438,538.2100830078125,91.6590576171875,93.5181884765625,0.9801201147107235,0.40264779329299927,2.346594174412725,2.378252915657713,3.3410464154546182,car,0
20,RECORD@2020-11-21_13.44.44,0,0,11.134862899780273,-4.364999771118164,-0.940000057220459,-1.0,217269326053376.0,11.13160228729248,-0.18296197056770325,-0.19433017075061798,972.3755257197625,756.9277700806504,1305.7754516601562,600.9549560546875,227.2371826171875,163.5465087890625,1.3894346281049104,0.9054463505744934,-1.4671891373607286,0.9536908808437606,1.7499057863193284,car,0
20,RECORD@2020-11-21_13.44.44,0,1,11.134862899780273,-4.364999771118164,-0.940000057220459,-1.0,217269326053376.0,11.13160228729248,-0.18296197056770325,-0.19433017075061798,972.3755257197625,756.9277700806504,949.5063781738281,633.5005798339844,264.55291748046875,227.75482177734375,1.1615688985899904,0.8997064232826233,0.08644451085149267,0.5419300864125287,0.5487812606270778,car,1
20,RECORD@2020-11-21_13.44.44,0,2,11.134862899780273,-4.364999771118164,-0.940000057220459,-1.0,217269326053376.0,11.13160228729248,-0.18296197056770325,-0.19433017075061798,972.3755257197625,756.9277700806504,1817.1179809570312,781.3282470703125,205.2242431640625,344.5433349609375,0.595641309350331,0.8039623498916626,-4.116192328028009,-0.07081976202624421,4.116801515741328,car,0
20,RECORD@2020-11-21_13.44.44,0,3,11.134862899780273,-4.364999771118164,-0.940000057220459,-1.0,217269326053376.0,11.13160228729248,-0.18296197056770325,-0.19433017075061798,972.3755257197625,756.9277700806504,256.1995849609375,594.340576171875,142.88580322265625,98.936279296875,1.4442205047341965,0.6202787756919861,5.012226019703452,1.643352621144212,5.274752838760681,car,0
20,RECORD@2020-11-21_13.44.44,0,4,11.134862899780273,-4.364999771118164,-0.940000057220459,-1.0,217269326053376.0,11.13160228729248,-0.18296197056770325,-0.19433017075061798,972.3755257197625,756.9277700806504,1160.18310546875,559.2797088623047,144.126708984375,122.83682250976562,1.1733184401844716,0.5763015151023865,-1.3030726995185047,1.6090294195181782,2.070500937721461,car,0
20,RECORD@2020-11-21_13.44.44,0,5,11.134862899780273,-4.364999771118164,-0.940000057220459,-1.0,217269326053376.0,11.13160228729248,-0.18296197056770325,-0.19433017075061798,972.3755257197625,756.9277700806504,36.32963848114014,612.3289794921875,71.95920753479004,164.7991943359375,0.4366478114456292,0.422091007232666,13.008007165532963,0.8774241353007054,13.037565859153505,car,0
21,RECORD@2020-11-21_13.44.44,0,0,11.14728832244873,3.2705886363983154,0.4941176176071167,-0.8235294222831726,112703095963648.0,11.141876220703125,0.09420797228813171,-0.16189132630825043,931.5694650614809,752.1127667665016,950.0716552734375,627.0334777832031,263.314453125,227.91522216796875,1.1553175370223527,0.8920954465866089,-0.07026651971577622,0.5487974335084898,0.5532775133858892,car,1
21,RECORD@2020-11-21_13.44.44,0,1,11.14728832244873,3.2705886363983154,0.4941176176071167,-0.8235294222831726,112703095963648.0,11.141876220703125,0.09420797228813171,-0.16189132630825043,931.5694650614809,752.1127667665016,1809.8492431640625,756.8410034179688,219.673828125,359.87841796875,0.6104112310065656,0.8803237080574036,-3.9981084028035334,-0.013138427911722369,3.9981299902399634,car,0
21,RECORD@2020-11-21_13.44.44,0,2,11.14728832244873,3.2705886363983154,0.4941176176071167,-0.8235294222831726,112703095963648.0,11.141876220703125,0.09420797228813171,-0.16189132630825043,931.5694650614809,752.1127667665016,1296.1110229492188,594.1802673339844,214.9781494140625,158.42449951171875,1.3569754051718526,0.8676462769508362,-1.6957144662437582,0.9968944192298673,1.9670399167581751,car,0
21,RECORD@2020-11-21_13.44.44,0,3,11.14728832244873,3.2705886363983154,0.4941176176071167,-0.8235294222831726,112703095963648.0,11.141876220703125,0.09420797228813171,-0.16189132630825043,931.5694650614809,752.1127667665016,179.52400588989258,589.0560302734375,156.68172454833984,86.3206787109375,1.8151122869761107,0.7414891719818115,4.799828833512522,1.888964949396344,5.158153294645877,car,0
21,RECORD@2020-11-21_13.44.44,0,4,11.14728832244873,3.2705886363983154,0.4941176176071167,-0.8235294222831726,112703095963648.0,11.141876220703125,0.09420797228813171,-0.16189132630825043,931.5694650614809,752.1127667665016,1156.7149047851562,550.8043060302734,136.2279052734375,122.80825805664062,1.1092731663908755,0.5619701147079468,-1.6527116031899782,1.6392094792467649,2.3277593003081822,car,0
21,RECORD@2020-11-21_13.44.44,1,0,17.904296875,3.2666666507720947,-11.800000190734863,-1.0,59328727875584.0,17.523263931274414,-3.6608002185821533,-0.3124730587005615,1293.287323659892,687.0098501424251,950.0716552734375,627.0334777832031,263.314453125,227.91522216796875,1.1553175370223527,0.8920954465866089,1.3034440924650803,0.26315211326701393,1.3297426581481893,car,0
21,RECORD@2020-11-21_13.44.44,1,1,17.904296875,3.2666666507720947,-11.800000190734863,-1.0,59328727875584.0,17.523263931274414,-3.6608002185821533,-0.3124730587005615,1293.287323659892,687.0098501424251,1809.8492431640625,756.8410034179688,219.673828125,359.87841796875,0.6104112310065656,0.8803237080574036,-2.351495050244372,-0.19404095880405767,2.3594874157361763,car,0
21,RECORD@2020-11-21_13.44.44,1,2,17.904296875,3.2666666507720947,-11.800000190734863,-1.0,59328727875584.0,17.523263931274414,-3.6608002185821533,-0.3124730587005615,1293.287323659892,687.0098501424251,1296.1110229492188,594.1802673339844,214.9781494140625,158.42449951171875,1.3569754051718526,0.8676462769508362,-0.013134819966693603,0.585954717196844,0.5861019144319449,car,1
21,RECORD@2020-11-21_13.44.44,1,3,17.904296875,3.2666666507720947,-11.800000190734863,-1.0,59328727875584.0,17.523263931274414,-3.6608002185821533,-0.3124730587005615,1293.287323659892,687.0098501424251,179.52400588989258,589.0560302734375,156.68172454833984,86.3206787109375,1.8151122869761107,0.7414891719818115,7.1084443382315365,1.1347665626796801,7.19844955955877,car,0
21,RECORD@2020-11-21_13.44.44,1,4,17.904296875,3.2666666507720947,-11.800000190734863,-1.0,59328727875584.0,17.523263931274414,-3.6608002185821533,-0.3124730587005615,1293.287323659892,687.0098501424251,1156.7149047851562,550.8043060302734,136.2279052734375,122.80825805664062,1.1092731663908755,0.5619701147079468,1.0025289502955126,1.1090910844882438,1.4950409124408373,car,0
22,RECORD@2020-11-21_13.44.44,0,0,11.1650390625,1.1549999713897705,-0.4000000059604645,-1.0,226152878702592.0,11.163067817687988,-0.07793417572975159,-0.19485680758953094,956.8730388010258,756.4112627419256,951.7739562988281,623.9996337890625,263.90838623046875,230.62939453125,1.14429640144899,0.8889632225036621,0.019321411399729857,0.5741316245571703,0.5744566469761954,car,0
22,RECORD@2020-11-21_13.44.44,0,1,11.1650390625,1.1549999713897705,-0.4000000059604645,-1.0,226152878702592.0,11.163067817687988,-0.07793417572975159,-0.19485680758953094,956.8730388010258,756.4112627419256,1798.5,741.2332763671875,242.55615234375,371.642578125,0.6526597505794063,0.8840770721435547,-3.4698231855451867,0.04084027845063833,3.4700635249647624,car,0
22,RECORD@2020-11-21_13.44.44,0,2,11.1650390625,1.1549999713897705,-0.4000000059604645,-1.0,226152878702592.0,11.163067817687988,-0.07793417572975159,-0.19485680758953094,956.8730388010258,756.4112627419256,1289.1613159179688,590.6974182128906,209.2271728515625,155.32855224609375,1.3469975083529706,0.8794464468955994,-1.5881697993055945,1.0668601627502932,1.913236503490866,car,0
22,RECORD@2020-11-21_13.44.44,0,3,11.1650390625,1.1549999713897705,-0.4000000059604645,-1.0,226152878702592.0,11.163067817687988,-0.07793417572975159,-0.19485680758953094,956.8730388010258,756.4112627419256,1152.9231567382812,550.7757415771484,131.5423583984375,120.12246704101562,1.0950687380864612,0.6648274660110474,-1.4903953397538003,1.711882266741685,2.2697619178989887,car,0
22,RECORD@2020-11-21_13.44.44,0,4,11.1650390625,1.1549999713897705,-0.4000000059604645,-1.0,226152878702592.0,11.163067817687988,-0.07793417572975159,-0.19485680758953094,956.8730388010258,756.4112627419256,93.64261436462402,632.0751953125,185.04335403442383,174.898681640625,1.0580031381519714,0.598835289478302,4.6650171736284785,0.7109033999747724,4.7188736870512145,car,0
22,RECORD@2020-11-21_13.44.44,0,5,11.1650390625,1.1549999713897705,-0.4000000059604645,-1.0,226152878702592.0,11.163067817687988,-0.07793417572975159,-0.19485680758953094,956.8730388010258,756.4112627419256,384.18931579589844,556.8711242675781,76.10513305664062,36.77252197265625,2.069619622859476,0.4342658817768097,7.524902723432757,5.426338139731724,9.277354504589812,car,0
23,RECORD@2020-11-21_13.44.44,0,0,11.104687690734863,-0.9800000190734863,-0.5400000810623169,-2.200000047683716,163817417867264.0,11.094827651977539,-0.10400818288326263,-0.4268110394477844,960.8461500787979,790.7223717762196,1791.5722045898438,723.0991821289062,256.3538818359375,382.93310546875,0.669448209556428,0.9075688719749451,-3.240544081336352,0.1765926964307134,3.245352203308099,car,0
23,RECORD@2020-11-21_13.44.44,0,1,11.104687690734863,-0.9800000190734863,-0.5400000810623169,-2.200000047683716,163817417867264.0,11.094827651977539,-0.10400818288326263,-0.4268110394477844,960.8461500787979,790.7223717762196,952.866943359375,617.4182586669922,265.857421875,231.01223754882812,1.150836962993386,0.8734455704689026,0.03001310500624106,0.7501945132780976,0.7507946418460093,car,1
23,RECORD@2020-11-21_13.44.44,0,2,11.104687690734863,-0.9800000190734863,-0.5400000810623169,-2.200000047683716,163817417867264.0,11.094827651977539,-0.10400818288326263,-0.4268110394477844,960.8461500787979,790.7223717762196,1283.3076782226562,583.0956420898438,205.3231201171875,153.625732421875,1.3365151584979602,0.8531566262245178,-1.5705076367425865,1.3515101045455555,2.0719734071062597,car,0
23,RECORD@2020-11-21_13.44.44,0,3,11.104687690734863,-0.9800000190734863,-0.5400000810623169,-2.200000047683716,163817417867264.0,11.094827651977539,-0.10400818288326263,-0.4268110394477844,960.8461500787979,790.7223717762196,1150.957763671875,544.1149291992188,126.462890625,118.1055908203125,1.0707612547944696,0.6230372190475464,-1.5032996055484327,2.0880251380495003,2.5728891700127132,car,0
23,RECORD@2020-11-21_13.44.44,0,4,11.104687690734863,-0.9800000190734863,-0.5400000810623169,-2.200000047683716,163817417867264.0,11.094827651977539,-0.10400818288326263,-0.4268110394477844,960.8461500787979,790.7223717762196,55.11836051940918,598.4157409667969,109.7560920715332,106.67669677734375,1.0288666164890425,0.5300496220588684,8.25218693982912,1.8027051513490924,8.44679437139243,car,0
24,RECORD@2020-11-21_13.44.44,0,0,11.030924797058105,1.774999976158142,-0.3500000238418579,-0.8333333134651184,226350346534912.0,11.029290199279785,-0.06752004474401474,-0.1609177589416504,955.4777340429381,754.0626198573259,1781.3583984375,705.1341857910156,274.634033203125,383.33624267578125,0.7164311709378479,0.9115685820579529,-3.007204368526764,0.12763842449327978,3.009911905935717,car,0
24,RECORD@2020-11-21_13.44.44,0,1,11.030924797058105,1.774999976158142,-0.3500000238418579,-0.8333333134651184,226350346534912.0,11.029290199279785,-0.06752004474401474,-0.1609177589416504,955.4777340429381,754.0626198573259,953.1232604980469,613.2557373046875,266.89288330078125,229.6787109375,1.1620270864956568,0.8896722197532654,0.008821792157859042,0.6130602265133518,0.6131236949828954,car,1
24,RECORD@2020-11-21_13.44.44,0,2,11.030924797058105,1.774999976158142,-0.3500000238418579,-0.8333333134651184,226350346534912.0,11.029290199279785,-0.06752004474401474,-0.1609177589416504,955.4777340429381,754.0626198573259,1277.4678344726562,578.03173828125,196.9134521484375,149.353271484375,1.3184408362225808,0.8522092700004578,-1.635185899777915,1.1786208619775151,2.0156835225603076,car,0
24,RECORD@2020-11-21_13.44.44,0,3,11.030924797058105,1.774999976158142,-0.3500000238418579,-0.8333333134651184,226350346534912.0,11.029290199279785,-0.06752004474401474,-0.1609177589416504,955.4777340429381,754.0626198573259,1149.6956787109375,539.7764129638672,128.009033203125,117.90945434570312,1.0856553777936293,0.7678678631782532,-1.5172206195777915,1.8173793448758147,2.3674513916136193,car,0
24,RECORD@2020-11-21_13.44.44,1,0,11.265625,-0.012499809265136719,14.800000190734863,3.0,218420763164672.0,10.87694263458252,2.873812198638916,0.5895972847938538,517.0125315968327,648.7092024916532,1781.3583984375,705.1341857910156,274.634033203125,383.33624267578125,0.7164311709378479,0.9115685820579529,-4.60374794811221,-0.14719449146134003,4.606100453535936,car,0
24,RECORD@2020-11-21_13.44.44,1,1,11.265625,-0.012499809265136719,14.800000190734863,3.0,218420763164672.0,10.87694263458252,2.873812198638916,0.5895972847938538,517.0125315968327,648.7092024916532,953.1232604980469,613.2557373046875,266.89288330078125,229.6787109375,1.1620270864956568,0.8896722197532654,-1.634029066296717,0.15436112925857218,1.6413038560024473,car,0
24,RECORD@2020-11-21_13.44.44,1,2,11.265625,-0.012499809265136719,14.800000190734863,3.0,218420763164672.0,10.87694263458252,2.873812198638916,0.5895972847938538,517.0125315968327,648.7092024916532,1277.4678344726562,578.03173828125,196.9134521484375,149.353271484375,1.3184408362225808,0.8522092700004578,-3.861875837220996,0.4732234085531718,3.8907615419753045,car,0
24,RECORD@2020-11-21_13.44.44,1,3,11.265625,-0.012499809265136719,14.800000190734863,3.0,218420763164672.0,10.87694263458252,2.873812198638916,0.5895972847938538,517.0125315968327,648.7092024916532,1149.6956787109375,539.7764129638672,128.009033203125,117.90945434570312,1.0856553777936293,0.7678678631782532,-4.942488286042766,0.923868150626852,5.02809335806453,car,0
25,RECORD@2020-11-21_13.44.44,0,0,10.9638671875,-0.154999777674675,-0.4699999690055847,-3.5,80949471608832.0,10.942672729492188,-0.08963547646999359,-0.6684264540672302,958.919547322287,828.6955765124138,1768.8912353515625,699.561767578125,301.810546875,392.9805908203125,0.7680036977017032,0.9064429998397827,-2.6837090234780265,0.3286009842489506,2.7037516027820976,car,0
25,RECORD@2020-11-21_13.44.44,0,1,10.9638671875,-0.154999777674675,-0.4699999690055847,-3.5,80949471608832.0,10.942672729492188,-0.08963547646999359,-0.6684264540672302,958.919547322287,828.6955765124138,1270.5050659179688,576.9307556152344,193.9683837890625,147.94500732421875,1.3110843501733342,0.8912764191627502,-1.6063727114132476,1.7017459760939515,2.340165091425198,car,0
25,RECORD@2020-11-21_13.44.44,0,2,10.9638671875,-0.154999777674675,-0.4699999690055847,-3.5,80949471608832.0,10.942672729492188,-0.08963547646999359,-0.6684264540672302,958.919547322287,828.6955765124138,954.7537536621094,616.7027282714844,265.75616455078125,231.31134033203125,1.1489110917316325,0.8833856582641602,0.015675247523304948,0.9164827281560366,0.9166167707353212,car,1
25,RECORD@2020-11-21_13.44.44,0,3,10.9638671875,-0.154999777674675,-0.4699999690055847,-3.5,80949471608832.0,10.942672729492188,-0.08963547646999359,-0.6684264540672302,958.919547322287,828.6955765124138,1145.8050537109375,542.2444915771484,124.442138671875,117.69741821289062,1.0573055939662546,0.7339472770690918,-1.5017863593732033,2.433792425396569,2.8598440235644205,car,0
26,RECORD@2020-11-21_13.44.44,0,0,10.933691024780273,0.5649999380111694,-0.1300000101327896,-1.0,158552912035840.0,10.93198299407959,-0.02464419975876808,-0.19081923365592957,949.1794260616178,760.2084478955456,954.2693481445312,616.3746490478516,266.1199951171875,230.87118530273438,1.1526773892039945,0.8786308169364929,-0.019126417316639537,0.62300454974097,0.6232980738276984,car,1
26,RECORD@2020-11-21_13.44.44,0,1,10.933691024780273,0.5649999380111694,-0.1300000101327896,-1.0,158552912035840.0,10.93198299407959,-0.02464419975876808,-0.19081923365592957,949.1794260616178,760.2084478955456,1263.2160034179688,575.8119354248047,187.9178466796875,143.27151489257812,1.3116204349523646,0.8739899396896362,-1.6711375896704328,1.2870423866809635,2.1093076941790487,car,0
26,RECORD@2020-11-21_13.44.44,0,2,10.933691024780273,0.5649999380111694,-0.1300000101327896,-1.0,158552912035840.0,10.93198299407959,-0.02464419975876808,-0.19081923365592957,949.1794260616178,760.2084478955456,1756.7105712890625,750.6362609863281,325.8955078125,520.0034790039062,0.6267179374198992,0.8726786971092224,-2.4778836340758885,0.0184079285922347,2.4779520083843813,car,0
26,RECORD@2020-11-21_13.44.44,0,3,10.933691024780273,0.5649999380111694,-0.1300000101327896,-1.0,158552912035840.0,10.93198299407959,-0.02464419975876808,-0.19081923365592957,949.1794260616178,760.2084478955456,1144.2392578125,547.1526947021484,122.328369140625,104.60476684570312,1.169433983071393,0.707652747631073,-1.5945592434625468,2.0367690652918746,2.5867058986753375,car,0
27,RECORD@2020-11-21_13.44.44,0,0,10.903515815734863,-1.5349998474121094,-0.23000001907348633,-1.0,192927531794432.0,10.901739120483398,-0.043636154383420944,-0.1902925968170166,952.0448046386232,760.7175934450797,954.6432800292969,613.0494537353516,269.82745361328125,231.19003295898438,1.1671240760675508,0.8906241655349731,-0.009630137170540988,0.6387305621256004,0.6388031547630373,car,1
27,RECORD@2020-11-21_13.44.44,0,1,10.903515815734863,-1.5349998474121094,-0.23000001907348633,-1.0,192927531794432.0,10.901739120483398,-0.043636154383420944,-0.1902925968170166,952.0448046386232,760.7175934450797,1254.5238037109375,571.5070343017578,182.772216796875,136.36923217773438,1.3402745903757978,0.8755260109901428,-1.654950650450753,1.3874871635026715,2.1596254963099644,car,0
27,RECORD@2020-11-21_13.44.44,0,2,10.903515815734863,-1.5349998474121094,-0.23000001907348633,-1.0,192927531794432.0,10.901739120483398,-0.043636154383420944,-0.1902925968170166,952.0448046386232,760.7175934450797,1745.233154296875,742.7021636962891,346.954833984375,502.0766296386719,0.6910396013334997,0.8714055418968201,-2.28614295569657,0.03588183294202676,2.2864245274699813,car,0
27,RECORD@2020-11-21_13.44.44,0,3,10.903515815734863,-1.5349998474121094,-0.23000001907348633,-1.0,192927531794432.0,10.901739120483398,-0.043636154383420944,-0.1902925968170166,952.0448046386232,760.7175934450797,1142.3660278320312,539.1421508789062,124.6356201171875,113.8275146484375,1.0949516072816965,0.652545154094696,-1.5270211117372408,1.9465894801491654,2.474066304673065,car,0
27,RECORD@2020-11-21_13.44.44,0,4,10.903515815734863,-1.5349998474121094,-0.23000001907348633,-1.0,192927531794432.0,10.901739120483398,-0.043636154383420944,-0.1902925968170166,952.0448046386232,760.7175934450797,832.3509521484375,534.1232299804688,68.514404296875,45.509765625,1.5054879618900476,0.45998653769493103,1.7469881511564864,4.979027256078315,5.276616341657968,car,0
28,RECORD@2020-11-21_13.44.44,0,0,10.86328125,-1.2200000286102295,-0.3199999928474426,-0.800000011920929,219786696982528.0,10.86174201965332,-0.06038369983434677,-0.1523745059967041,954.5861813246763,755.9854361706654,1737.3386840820312,732.1611328125,364.9141845703125,474.8851318359375,0.7684262153239668,0.891146719455719,-2.145031724867172,0.05016856027068909,2.145618322331879,car,0
28,RECORD@2020-11-21_13.44.44,0,1,10.86328125,-1.2200000286102295,-0.3199999928474426,-0.800000011920929,219786696982528.0,10.86174201965332,-0.06038369983434677,-0.1523745059967041,954.5861813246763,755.9854361706654,954.3193359375,610.6508636474609,268.0224609375,234.25173950195312,1.1441642290782874,0.8801405429840088,0.0009956083017928232,0.620420462329129,0.6204212611706507,car,1
28,RECORD@2020-11-21_13.44.44,0,2,10.86328125,-1.2200000286102295,-0.3199999928474426,-0.800000011920929,219786696982528.0,10.86174201965332,-0.06038369983434677,-0.1523745059967041,954.5861813246763,755.9854361706654,1250.7086791992188,569.5988006591797,181.6834716796875,133.49832153320312,1.360941992326847,0.8748072385787964,-1.6298813267759094,1.3961721268917109,2.1461150358920937,car,0
28,RECORD@2020-11-21_13.44.44,0,3,10.86328125,-1.2200000286102295,-0.3199999928474426,-0.800000011920929,219786696982528.0,10.86174201965332,-0.06038369983434677,-0.1523745059967041,954.5861813246763,755.9854361706654,1147.9264526367188,536.7447357177734,125.2503662109375,112.70339965820312,1.11132731213775,0.552714467048645,-1.543630387366955,1.9452891493760232,2.483333374213528,car,0
29,RECORD@2020-11-21_13.44.44,0,0,10.81298828125,0.8899999856948853,-0.800000011920929,-0.75,223784824995840.0,10.810693740844727,-0.15095555782318115,-0.1421927958726883,968.3237914943121,755.4797291907626,1723.4827880859375,725.2375335693359,390.136962890625,450.0924377441406,0.866792974452066,0.8943036198616028,-1.9356253532002154,0.06719107695521444,1.9367911990645406,car,0
29,RECORD@2020-11-21_13.44.44,0,1,10.81298828125,0.8899999856948853,-0.800000011920929,-0.75,223784824995840.0,10.810693740844727,-0.15095555782318115,-0.1421927958726883,968.3237914943121,755.4797291907626,952.9539184570312,619.6082000732422,267.4859619140625,233.16445922851562,1.1471986888529597,0.8847258687019348,0.057460484757023866,0.5827283007328224,0.5855544208555469,car,1
29,RECORD@2020-11-21_13.44.44,0,2,10.81298828125,0.8899999856948853,-0.800000011920929,-0.75,223784824995840.0,10.810693740844727,-0.15095555782318115,-0.1421927958726883,968.3237914943121,755.4797291907626,1244.7145385742188,574.5072174072266,181.2366943359375,132.00546264648438,1.3729484424542053,0.866980791091919,-1.525026419691771,1.3709471423026427,2.050658832606166,car,0
29,RECORD@2020-11-21_13.44.44,0,3,10.81298828125,0.8899999856948853,-0.800000011920929,-0.75,223784824995840.0,10.810693740844727,-0.15095555782318115,-0.1421927958726883,968.3237914943121,755.4797291907626,1136.47705078125,541.4079742431641,113.942138671875,113.33749389648438,1.0053349051104206,0.6219439506530762,-1.4757776293033908,1.888799086585757,2.3969734251008137,car,0
29,RECORD@2020-11-21_13.44.44,0,4,10.81298828125,0.8899999856948853,-0.800000011920929,-0.75,223784824995840.0,10.810693740844727,-0.15095555782318115,-0.1421927958726883,968.3237914943121,755.4797291907626,823.975341796875,535.5394897460938,63.6558837890625,41.4454345703125,1.5358961595895393,0.52288818359375,2.267637194006556,5.306742267873642,5.770935101114777,car,0
30,RECORD@2020-11-21_13.44.44,0,0,11.08680534362793,-1.2555557489395142,15.200000762939453,2.0,157236672331776.0,10.692432403564453,2.905069589614868,0.3869239091873169,506.79566065391845,680.0908660779025,1711.1504516601562,711.6108245849609,415.2403564453125,438.1059875488281,0.9478079922362002,0.9065803289413452,-2.9003799180700596,-0.07194596605129804,2.9012721160165484,car,0
30,RECORD@2020-11-21_13.44.44,0,1,11.08680534362793,-1.2555557489395142,15.200000762939453,2.0,157236672331776.0,10.692432403564453,2.905069589614868,0.3869239091873169,506.79566065391845,680.0908660779025,954.393310546875,622.7880249023438,269.792724609375,234.8089599609375,1.1489882015330988,0.8770284652709961,-1.659042698579141,0.2440402665430298,1.6768954431935081,car,0
30,RECORD@2020-11-21_13.44.44,0,2,11.08680534362793,-1.2555557489395142,15.200000762939453,2.0,157236672331776.0,10.692432403564453,2.905069589614868,0.3869239091873169,506.79566065391845,680.0908660779025,1236.1553955078125,580.6039123535156,177.797607421875,131.35491943359375,1.3535664152400495,0.8710463047027588,-4.102190943004549,0.7573903905036642,4.171523790714353,car,0
30,RECORD@2020-11-21_13.44.44,0,3,11.08680534362793,-1.2555557489395142,15.200000762939453,2.0,157236672331776.0,10.692432403564453,2.905069589614868,0.3869239091873169,506.79566065391845,680.0908660779025,1133.533935546875,545.9884643554688,114.730224609375,113.4693603515625,1.0111119358909397,0.6514803171157837,-5.462712872975092,1.181837998442433,5.5890941114934,car,0
30,RECORD@2020-11-21_13.44.44,1,0,10.86328125,-0.48181840777397156,-1.3999998569488525,-1.0,150344457781248.0,10.858384132385254,-0.26537320017814636,-0.18959040939807892,985.4554858164892,761.4639226389384,1711.1504516601562,711.6108245849609,415.2403564453125,438.1059875488281,0.9478079922362002,0.9065803289413452,-1.7476503778583037,0.11379232302416582,1.7513510601839677,car,0
30,RECORD@2020-11-21_13.44.44,1,1,10.86328125,-0.48181840777397156,-1.3999998569488525,-1.0,150344457781248.0,10.858384132385254,-0.26537320017814636,-0.18959040939807892,985.4554858164892,761.4639226389384,954.393310546875,622.7880249023438,269.792724609375,234.8089599609375,1.1489882015330988,0.8770284652709961,0.11513348002466774,0.5905903154618314,0.6017081011087486,car,1
30,RECORD@2020-11-21_13.44.44,1,2,10.86328125,-0.48181840777397156,-1.3999998569488525,-1.0,150344457781248.0,10.858384132385254,-0.26537320017814636,-0.18959040939807892,985.4554858164892,761.4639226389384,1236.1553955078125,580.6039123535156,177.797607421875,131.35491943359375,1.3535664152400495,0.8710463047027588,-1.4100297148345031,1.3768803716320361,1.9707824219080716,car,0
30,RECORD@2020-11-21_13.44.44,1,3,10.86328125,-0.48181840777397156,-1.3999998569488525,-1.0,150344457781248.0,10.858384132385254,-0.26537320017814636,-0.18959040939807892,985.4554858164892,761.4639226389384,1133.533935546875,545.9884643554688,114.730224609375,113.4693603515625,1.0111119358909397,0.6514803171157837,-1.2906664327953024,1.8989748211839854,2.296067336171851,car,0
31,RECORD@2020-11-21_13.44.44,0,0,11.064453125,5.420000076293945,14.839999198913574,2.0,123398998982656.0,10.688871383666992,2.832106113433838,0.38614383339881897,517.2538207898533,680.2921257542582,1701.58349609375,704.5130157470703,436.371826171875,406.9441833496094,1.0723137079391158,0.8662697672843933,-2.7140379013319285,-0.0595189487497938,2.714690449227407,car,0
31,RECORD@2020-11-21_13.44.44,0,1,11.064453125,5.420000076293945,14.839999198913574,2.0,123398998982656.0,10.688871383666992,2.832106113433838,0.38614383339881897,517.2538207898533,680.2921257542582,953.3539428710938,623.9617156982422,270.7860107421875,235.86050415039062,1.1480769606492807,0.8619408011436462,-1.610497236862235,0.23882934643478224,1.628109580666903,car,0
31,RECORD@2020-11-21_13.44.44,0,2,11.064453125,5.420000076293945,14.839999198913574,2.0,123398998982656.0,10.688871383666992,2.832106113433838,0.38614383339881897,517.2538207898533,680.2921257542582,1229.95849609375,578.9252319335938,173.925048828125,132.0302734375,1.3173118884015413,0.8543314337730408,-4.097769010881238,0.7677549336338317,4.169071659813212,car,0
31,RECORD@2020-11-21_13.44.44,0,3,11.064453125,5.420000076293945,14.839999198913574,2.0,123398998982656.0,10.688871383666992,2.832106113433838,0.38614383339881897,517.2538207898533,680.2921257542582,816.1809997558594,543.5502319335938,71.10589599609375,41.4375,1.7159793905542986,0.5185717344284058,-4.2039717632195766,3.299955205325236,5.344444119185889,car,0
31,RECORD@2020-11-21_13.44.44,0,4,11.064453125,5.420000076293945,14.839999198913574,2.0,123398998982656.0,10.688871383666992,2.832106113433838,0.38614383339881897,517.2538207898533,680.2921257542582,1132.1582641601562,548.0314178466797,110.8612060546875,109.44717407226562,1.0129197669506589,0.5133505463600159,-5.546615134846832,1.208443333769857,5.67673099107618,car,0
31,RECORD@2020-11-21_13.44.44,1,0,10.91357421875,-0.3250000774860382,-2.133333444595337,-0.75,126236202369024.0,10.88835620880127,-0.4099454879760742,-0.13335108757019043,1007.0617791602635,752.7221544860224,1701.58349609375,704.5130157470703,436.371826171875,406.9441833496094,1.0723137079391158,0.8662697672843933,-1.5915823966598917,0.11846621898398092,1.5959852036901863,car,0
31,RECORD@2020-11-21_13.44.44,1,1,10.91357421875,-0.3250000774860382,-2.133333444595337,-0.75,126236202369024.0,10.88835620880127,-0.4099454879760742,-0.13335108757019043,1007.0617791602635,752.7221544860224,953.3539428710938,623.9617156982422,270.7860107421875,235.86050415039062,1.1480769606492807,0.8619408011436462,0.19834051301972336,0.545917762923458,0.5808314411085886,car,1
31,RECORD@2020-11-21_13.44.44,1,2,10.91357421875,-0.3250000774860382,-2.133333444595337,-0.75,126236202369024.0,10.88835620880127,-0.4099454879760742,-0.13335108757019043,1007.0617791602635,752.7221544860224,1229.95849609375,578.9252319335938,173.925048828125,132.0302734375,1.3173118884015413,0.8543314337730408,-1.2815676547761439,1.316341457360535,1.837163706950059,car,0
31,RECORD@2020-11-21_13.44.44,1,3,10.91357421875,-0.3250000774860382,-2.133333444595337,-0.75,126236202369024.0,10.88835620880127,-0.4099454879760742,-0.13335108757019043,1007.0617791602635,752.7221544860224,816.1809997558594,543.5502319335938,71.10589599609375,41.4375,1.7159793905542986,0.5185717344284058,2.6844578319481456,5.047889533693603,5.717298540034546,car,0
31,RECORD@2020-11-21_13.44.44,1,4,10.91357421875,-0.3250000774860382,-2.133333444595337,-0.75,126236202369024.0,10.88835620880127,-0.4099454879760742,-0.13335108757019043,1007.0617791602635,752.7221544860224,1132.1582641601562,548.0314178466797,110.8612060546875,109.44717407226562,1.0129197669506589,0.5133505463600159,-1.128406314993389,1.87022404529321,2.1842707687715497,car,0
31,RECORD@2020-11-21_13.44.44,2,0,5.297525882720947,10.933333396911621,-39.266666412353516,-1.0,94251446697984.0,4.099949359893799,-3.3528969287872314,-0.09245458245277405,7893.897264761904,3001.136951250701,1701.58349609375,704.5130157470703,436.371826171875,406.9441833496094,1.0723137079391158,0.8662697672843933,14.190452722374358,5.643584622834086,15.271509285628293,car,1
31,RECORD@2020-11-21_13.44.44,2,1,5.297525882720947,10.933333396911621,-39.266666412353516,-1.0,94251446697984.0,4.099949359893799,-3.3528969287872314,-0.09245458245277405,7893.897264761904,3001.136951250701,953.3539428710938,623.9617156982422,270.7860107421875,235.86050415039062,1.1480769606492807,0.8619408011436462,25.631100007226106,10.078733801216297,27.541498917382945,car,0
31,RECORD@2020-11-21_13.44.44,2,2,5.297525882720947,10.933333396911621,-39.266666412353516,-1.0,94251446697984.0,4.099949359893799,-3.3528969287872314,-0.09245458245277405,7893.897264761904,3001.136951250701,1229.95849609375,578.9252319335938,173.925048828125,132.0302734375,1.3173118884015413,0.8543314337730408,38.315003005999124,18.34588126081345,42.48071108851155,car,0
31,RECORD@2020-11-21_13.44.44,2,3,5.297525882720947,10.933333396911621,-39.266666412353516,-1.0,94251446697984.0,4.099949359893799,-3.3528969287872314,-0.09245458245277405,7893.897264761904,3001.136951250701,816.1809997558594,543.5502319335938,71.10589599609375,41.4375,1.7159793905542986,0.5185717344284058,99.53768482707628,59.3082767859332,115.86726196838877,car,0
31,RECORD@2020-11-21_13.44.44,2,4,5.297525882720947,10.933333396911621,-39.266666412353516,-1.0,94251446697984.0,4.099949359893799,-3.3528969287872314,-0.09245458245277405,7893.897264761904,3001.136951250701,1132.1582641601562,548.0314178466797,110.8612060546875,109.44717407226562,1.0129197669506589,0.5133505463600159,60.99283276122941,22.41360322180898,64.98072989451555,car,0
32,RECORD@2020-11-21_13.44.44,0,0,10.849869728088379,1.100000023841858,-2.0,-1.3333333730697632,102751505743872.0,10.823184967041016,-0.3821207880973816,-0.2417164444923401,1003.2007233884608,769.7373476229797,1692.720458984375,699.6746063232422,452.451416015625,393.3104553222656,1.1503671206627375,0.9024093747138977,-1.5239641455163493,0.178135974652213,1.534339969591052,car,0
32,RECORD@2020-11-21_13.44.44,0,1,10.849869728088379,1.100000023841858,-2.0,-1.3333333730697632,102751505743872.0,10.823184967041016,-0.3821207880973816,-0.2417164444923401,1003.2007233884608,769.7373476229797,952.3812255859375,623.470458984375,270.9169921875,234.960205078125,1.1530335194311703,0.8819603323936462,0.18758327926271762,0.6225177092860064,0.6501659672988517,car,1
32,RECORD@2020-11-21_13.44.44,0,2,10.849869728088379,1.100000023841858,-2.0,-1.3333333730697632,102751505743872.0,10.823184967041016,-0.3821207880973816,-0.2417164444923401,1003.2007233884608,769.7373476229797,1227.0469970703125,576.6614685058594,168.114990234375,125.81744384765625,1.3361818925357756,0.867388129234314,-1.33150692493144,1.5345716238751652,2.0317039055785764,car,0
32,RECORD@2020-11-21_13.44.44,0,3,10.849869728088379,1.100000023841858,-2.0,-1.3333333730697632,102751505743872.0,10.823184967041016,-0.3821207880973816,-0.2417164444923401,1003.2007233884608,769.7373476229797,544.6307067871094,558.9408264160156,51.31634521484375,45.62042236328125,1.1248546715811867,0.5420407056808472,8.936139444098712,4.620661324184253,10.060074514494861,car,0
32,RECORD@2020-11-21_13.44.44,0,4,10.849869728088379,1.100000023841858,-2.0,-1.3333333730697632,102751505743872.0,10.823184967041016,-0.3821207880973816,-0.2417164444923401,1003.2007233884608,769.7373476229797,1131.6580200195312,547.4915618896484,105.2047119140625,107.68057250976562,0.9770073603994018,0.49161583185195923,-1.2210222745156325,2.0639357736807686,2.398067195210043,car,0
32,RECORD@2020-11-21_13.44.44,0,5,10.849869728088379,1.100000023841858,-2.0,-1.3333333730697632,102751505743872.0,10.823184967041016,-0.3821207880973816,-0.2417164444923401,1003.2007233884608,769.7373476229797,814.4020385742188,542.8179016113281,69.2127685546875,42.19866943359375,1.6401647133354451,0.4393157660961151,2.727801368978116,5.377407606861752,6.0297108453833435,car,0
32,RECORD@2020-11-21_13.44.44,0,6,10.849869728088379,1.100000023841858,-2.0,-1.3333333730697632,102751505743872.0,10.823184967041016,-0.3821207880973816,-0.2417164444923401,1003.2007233884608,769.7373476229797,132.5281753540039,562.6425476074219,24.088943481445312,70.07977294921875,0.34373603777085093,0.423528790473938,36.144073678660874,2.955129437500075,36.26467774682198,person,0
32,RECORD@2020-11-21_13.44.44,1,0,11.064453125,8.75,15.199999809265137,2.0,122875960885248.0,10.670875549316406,2.899212598800659,0.38614383339881897,506.9050466776876,680.4815853829521,1692.720458984375,699.6746063232422,452.451416015625,393.3104553222656,1.1503671206627375,0.9024093747138977,-2.6208679436771534,-0.048798654296042035,2.6213222020300395,car,0
32,RECORD@2020-11-21_13.44.44,1,1,11.064453125,8.75,15.199999809265137,2.0,122875960885248.0,10.670875549316406,2.899212598800659,0.38614383339881897,506.9050466776876,680.4815853829521,952.3812255859375,623.470458984375,270.9169921875,234.960205078125,1.1530335194311703,0.8819603323936462,-1.64432719893752,0.24264162682195772,1.6621332366066557,car,0
32,RECORD@2020-11-21_13.44.44,1,2,11.064453125,8.75,15.199999809265137,2.0,122875960885248.0,10.670875549316406,2.899212598800659,0.38614383339881897,506.9050466776876,680.4815853829521,1227.0469970703125,576.6614685058594,168.114990234375,125.81744384765625,1.3361818925357756,0.867388129234314,-4.283627232697392,0.8251647283726522,4.362379980888532,car,0
32,RECORD@2020-11-21_13.44.44,1,3,11.064453125,8.75,15.199999809265137,2.0,122875960885248.0,10.670875549316406,2.899212598800659,0.38614383339881897,506.9050466776876,680.4815853829521,544.6307067871094,558.9408264160156,51.31634521484375,45.62042236328125,1.1248546715811867,0.5420407056808472,-0.7351587481820364,2.664174347161713,2.7637444413518266,car,0
32,RECORD@2020-11-21_13.44.44,1,4,11.064453125,8.75,15.199999809265137,2.0,122875960885248.0,10.670875549316406,2.899212598800659,0.38614383339881897,506.9050466776876,680.4815853829521,1131.6580200195312,547.4915618896484,105.2047119140625,107.68057250976562,0.9770073603994018,0.49161583185195923,-5.938450493093686,1.235041942976693,6.065519174797512,car,0
32,RECORD@2020-11-21_13.44.44,1,5,11.064453125,8.75,15.199999809265137,2.0,122875960885248.0,10.670875549316406,2.899212598800659,0.38614383339881897,506.9050466776876,680.4815853829521,814.4020385742188,542.8179016113281,69.2127685546875,42.19866943359375,1.6401647133354451,0.4393157660961151,-4.442778382049068,3.2622754608,5.511870910511274,car,0
32,RECORD@2020-11-21_13.44.44,1,6,11.064453125,8.75,15.199999809265137,2.0,122875960885248.0,10.670875549316406,2.899212598800659,0.38614383339881897,506.9050466776876,680.4815853829521,132.5281753540039,562.6425476074219,24.088943481445312,70.07977294921875,0.34373603777085093,0.423528790473938,15.541440064071313,1.6814985667964248,15.632139862963719,person,0
33,RECORD@2020-11-21_13.44.44,0,0,10.729166984558105,1.9944441318511963,-0.9333332777023315,-1.0,112271015542784.0,10.726046562194824,-0.1750519871711731,-0.1872497946023941,972.1832709907314,763.7266778473771,1680.8358764648438,690.4458160400391,476.5682373046875,379.7714538574219,1.2548816728168468,0.9094922542572021,-1.4869908441276265,0.19296042675932665,1.4994584011617438,car,0
33,RECORD@2020-11-21_13.44.44,0,1,10.729166984558105,1.9944441318511963,-0.9333332777023315,-1.0,112271015542784.0,10.726046562194824,-0.1750519871711731,-0.1872497946023941,972.1832709907314,763.7266778473771,952.4049682617188,622.3885803222656,272.1119384765625,238.03253173828125,1.1431712148310544,0.8952007293701172,0.07268443582351766,0.5937763905335172,0.5982085164606025,car,1
33,RECORD@2020-11-21_13.44.44,0,2,10.729166984558105,1.9944441318511963,-0.9333332777023315,-1.0,112271015542784.0,10.726046562194824,-0.1750519871711731,-0.1872497946023941,972.1832709907314,763.7266778473771,1220.7196655273438,574.6099853515625,165.1204833984375,128.20703125,1.2879206529356204,0.8890104293823242,-1.5051820914119498,1.4750883056253175,2.1074768415571783,car,0
33,RECORD@2020-11-21_13.44.44,0,3,10.729166984558105,1.9944441318511963,-0.9333332777023315,-1.0,112271015542784.0,10.726046562194824,-0.1750519871711731,-0.1872497946023941,972.1832709907314,763.7266778473771,1128.5546875,547.0243682861328,103.984619140625,106.03634643554688,0.9806507168165305,0.6117450594902039,-1.503793712970161,2.043660658309881,2.537310469274929,car,0
34,RECORD@2020-11-21_13.44.44,0,0,10.695637702941895,2.4111111164093018,-0.8444445133209229,-1.0,131042421768192.0,10.692819595336914,-0.15773576498031616,-0.1866646409034729,969.6237654754742,764.3026787136815,1671.6613159179688,682.9535064697266,495.1107177734375,354.4241638183594,1.3969440244688827,0.9102872014045715,-1.4179405236865559,0.22952490419261035,1.4363972327866452,car,0
34,RECORD@2020-11-21_13.44.44,0,1,10.695637702941895,2.4111111164093018,-0.8444445133209229,-1.0,131042421768192.0,10.692819595336914,-0.15773576498031616,-0.1866646409034729,969.6237654754742,764.3026787136815,952.6979370117188,623.2326965332031,271.9749755859375,238.76495361328125,1.1390908568032363,0.8853616118431091,0.06223303606256714,0.5908320297666643,0.5941005286782375,car,1
34,RECORD@2020-11-21_13.44.44,0,2,10.695637702941895,2.4111111164093018,-0.8444445133209229,-1.0,131042421768192.0,10.692819595336914,-0.15773576498031616,-0.1866646409034729,969.6237654754742,764.3026787136815,1216.5977172851562,573.8413543701172,162.9752197265625,125.23880004882812,1.3013157237455302,0.8628336191177368,-1.5154080002104087,1.5207852859441902,2.146916228697818,car,0
34,RECORD@2020-11-21_13.44.44,0,3,10.695637702941895,2.4111111164093018,-0.8444445133209229,-1.0,131042421768192.0,10.692819595336914,-0.15773576498031616,-0.1866646409034729,969.6237654754742,764.3026787136815,492.42137145996094,561.611572265625,54.348907470703125,49.648681640625,1.0946697006800714,0.5396451354026794,8.78034934322737,4.082507324468504,9.683047074317685,car,0
35,RECORD@2020-11-21_13.44.44,0,0,10.641992568969727,-2.739999771118164,-1.1200001239776611,-1.0499999523162842,127448029069312.0,10.637895584106445,-0.20767202973365784,-0.19520501792430878,977.403943511212,766.6695414093953,1661.5872192382812,675.4125823974609,516.6492919921875,350.3315734863281,1.4747437316332836,0.9104152321815491,-1.3242702280474916,0.26048739513766855,1.3496463684678899,car,0
35,RECORD@2020-11-21_13.44.44,0,1,10.641992568969727,-2.739999771118164,-1.1200001239776611,-1.0499999523162842,127448029069312.0,10.637895584106445,-0.20767202973365784,-0.19520501792430878,977.403943511212,766.6695414093953,1212.96826171875,575.8853759765625,163.553466796875,124.4736328125,1.3139607409325205,0.9018628597259521,-1.4402893611548864,1.532727543352247,2.103256324370989,car,0
35,RECORD@2020-11-21_13.44.44,0,2,10.641992568969727,-2.739999771118164,-1.1200001239776611,-1.0499999523162842,127448029069312.0,10.637895584106445,-0.20767202973365784,-0.19520501792430878,977.403943511212,766.6695414093953,954.3468017578125,628.9319458007812,275.559814453125,238.480224609375,1.1554828703490425,0.8874040842056274,0.08367381796637732,0.5775640132603236,0.5835936062247784,car,1
35,RECORD@2020-11-21_13.44.44,0,3,10.641992568969727,-2.739999771118164,-1.1200001239776611,-1.0499999523162842,127448029069312.0,10.637895584106445,-0.20767202973365784,-0.19520501792430878,977.403943511212,766.6695414093953,458.0364990234375,566.1756286621094,65.2232666015625,52.32464599609375,1.2465113783365431,0.5617102980613708,7.96291678643603,3.8317299416082737,8.836865852389186,car,0
35,RECORD@2020-11-21_13.44.44,0,4,10.641992568969727,-2.739999771118164,-1.1200001239776611,-1.0499999523162842,127448029069312.0,10.637895584106445,-0.20767202973365784,-0.19520501792430878,977.403943511212,766.6695414093953,1123.3229370117188,558.6351013183594,89.3800048828125,87.85125732421875,1.0174015444417812,0.48821136355400085,-1.6325686454349986,2.3680303097231272,2.8762558874037745,car,0
36,RECORD@2020-11-21_13.44.44,0,0,10.550347328186035,1.4333332777023315,-1.1333333253860474,-1.0,134077646635008.0,10.546544075012207,-0.20812192559242249,-0.18412894010543823,977.7412675970539,766.8846936148043,1655.7320556640625,667.4230041503906,524.637451171875,336.79119873046875,1.5577528544376782,0.9145547747612,-1.292303449844441,0.2953215221755603,1.3256179720944996,car,0
36,RECORD@2020-11-21_13.44.44,0,1,10.550347328186035,1.4333332777023315,-1.1333333253860474,-1.0,134077646635008.0,10.546544075012207,-0.20812192559242249,-0.18412894010543823,977.7412675970539,766.8846936148043,957.2113647460938,630.2559356689453,277.7359619140625,241.28292846679688,1.151080035702907,0.8921752572059631,0.07391877778259259,0.5662595311406814,0.5710637813033993,car,0
36,RECORD@2020-11-21_13.44.44,0,2,10.550347328186035,1.4333332777023315,-1.1333333253860474,-1.0,134077646635008.0,10.546544075012207,-0.20812192559242249,-0.18412894010543823,977.7412675970539,766.8846936148043,1213.0182495117188,576.3001098632812,157.8951416015625,122.7451171875,1.2863659689237892,0.8892462849617004,-1.4900837323314866,1.5526856637433037,2.152018192244879,car,0
36,RECORD@2020-11-21_13.44.44,0,3,10.550347328186035,1.4333332777023315,-1.1333333253860474,-1.0,134077646635008.0,10.546544075012207,-0.20812192559242249,-0.18412894010543823,977.7412675970539,766.8846936148043,422.69142150878906,567.9204406738281,69.07626342773438,53.70135498046875,1.2863039201312052,0.6418966054916382,8.03531949392344,3.7050136446899655,8.848360609557279,car,0
36,RECORD@2020-11-21_13.44.44,0,4,10.550347328186035,1.4333332777023315,-1.1333333253860474,-1.0,134077646635008.0,10.546544075012207,-0.20812192559242249,-0.18412894010543823,977.7412675970539,766.8846936148043,1128.6764526367188,550.6527252197266,84.1077880859375,95.76596069335938,0.8782639204680346,0.4145934283733368,-1.7945446964488727,2.2579209442428927,2.8841979228207437,car,0
37,RECORD@2020-11-21_13.44.44,0,0,10.4609375,-2.0307693481445312,-0.892307698726654,-3.0,93511068155904.0,10.445317268371582,-0.16268548369407654,-0.5474830865859985,970.957895824624,823.4104611280642,958.6994018554688,629.8484191894531,278.5235595703125,244.68243408203125,1.1383063137132918,0.8949635624885559,0.04401241312608095,0.7910745316262394,0.7922979282421827,car,1
37,RECORD@2020-11-21_13.44.44,0,1,10.4609375,-2.0307693481445312,-0.892307698726654,-3.0,93511068155904.0,10.445317268371582,-0.16268548369407654,-0.5474830865859985,970.957895824624,823.4104611280642,1636.86669921875,665.7632446289062,509.524658203125,329.587646484375,1.5459458618613013,0.8860178589820862,-1.3069216428945771,0.47831652120684576,1.3917007132015415,car,0
37,RECORD@2020-11-21_13.44.44,0,2,10.4609375,-2.0307693481445312,-0.892307698726654,-3.0,93511068155904.0,10.445317268371582,-0.16268548369407654,-0.5474830865859985,970.957895824624,823.4104611280642,1211.4495849609375,574.6828918457031,152.69970703125,122.07525634765625,1.250865339953732,0.8478023409843445,-1.5749322235902974,2.0374937290650745,2.575226631751579,car,0
37,RECORD@2020-11-21_13.44.44,0,3,10.4609375,-2.0307693481445312,-0.892307698726654,-3.0,93511068155904.0,10.445317268371582,-0.16268548369407654,-0.5474830865859985,970.957895824624,823.4104611280642,387.53382873535156,568.6170959472656,74.22958374023438,54.85675048828125,1.3531531321034342,0.7055022120475769,7.8597243537153405,4.644703940953059,9.129542245670969,car,0
37,RECORD@2020-11-21_13.44.44,0,4,10.4609375,-2.0307693481445312,-0.892307698726654,-3.0,93511068155904.0,10.445317268371582,-0.16268548369407654,-0.5474830865859985,970.957895824624,823.4104611280642,1129.86181640625,550.6070098876953,82.345458984375,83.30343627929688,0.9885001467201184,0.4681300222873688,-1.929722932405756,3.274816303204143,3.8010856890609976,car,0
37,RECORD@2020-11-21_13.44.44,1,0,7.362890720367432,1.0800001621246338,-28.84000015258789,-1.600000023841858,97435854569472.0,6.444591522216797,-3.551079511642456,-0.20641914010047913,2163.7697730645987,1020.3333288352393,958.6994018554688,629.8484191894531,278.5235595703125,244.68243408203125,1.1383063137132918,0.8949635624885559,4.3266371184837356,1.5958845231810705,4.611576321212749,car,0
37,RECORD@2020-11-21_13.44.44,1,1,7.362890720367432,1.0800001621246338,-28.84000015258789,-1.600000023841858,97435854569472.0,6.444591522216797,-3.551079511642456,-0.20641914010047913,2163.7697730645987,1020.3333288352393,1636.86669921875,665.7632446289062,509.524658203125,329.587646484375,1.5459458618613013,0.8860178589820862,1.0341071140776776,1.0757990719265091,1.492220213823684,car,0
37,RECORD@2020-11-21_13.44.44,1,2,7.362890720367432,1.0800001621246338,-28.84000015258789,-1.600000023841858,97435854569472.0,6.444591522216797,-3.551079511642456,-0.20641914010047913,2163.7697730645987,1020.3333288352393,1211.4495849609375,574.6828918457031,152.69970703125,122.07525634765625,1.250865339953732,0.8478023409843445,6.23655543693197,3.6506205296868277,7.226455145484309,car,0
37,RECORD@2020-11-21_13.44.44,1,3,7.362890720367432,1.0800001621246338,-28.84000015258789,-1.600000023841858,97435854569472.0,6.444591522216797,-3.551079511642456,-0.20641914010047913,2163.7697730645987,1020.3333288352393,387.53382873535156,568.6170959472656,74.22958374023438,54.85675048828125,1.3531531321034342,0.7055022120475769,23.92894927910637,8.234469392868455,25.306147470212306,car,0
37,RECORD@2020-11-21_13.44.44,1,4,7.362890720367432,1.0800001621246338,-28.84000015258789,-1.600000023841858,97435854569472.0,6.444591522216797,-3.551079511642456,-0.20641914010047913,2163.7697730645987,1020.3333288352393,1129.86181640625,550.6070098876953,82.345458984375,83.30343627929688,0.9885001467201184,0.4681300222873688,12.555737370466684,5.638738807516437,13.763790039648436,car,0
38,RECORD@2020-11-21_13.44.44,0,0,10.259765625,-0.5571427941322327,-0.8000000715255737,-1.0,137953854619648.0,10.257203102111816,-0.14322687685489655,-0.17905759811401367,968.3533281750821,772.1709343727317,1615.630859375,657.3475799560547,488.807373046875,315.1086730957031,1.5512342717980887,0.9025142192840576,-1.324197561025427,0.36439287211178567,1.3734195811446572,car,0
38,RECORD@2020-11-21_13.44.44,0,1,10.259765625,-0.5571427941322327,-0.8000000715255737,-1.0,137953854619648.0,10.257203102111816,-0.14322687685489655,-0.17905759811401367,968.3533281750821,772.1709343727317,1208.7935791015625,574.6838684082031,155.362060546875,119.58026123046875,1.2992283086540803,0.8898676633834839,-1.5476123970043258,1.6515022122581664,2.2633081293661923,car,0
38,RECORD@2020-11-21_13.44.44,0,2,10.259765625,-0.5571427941322327,-0.8000000715255737,-1.0,137953854619648.0,10.257203102111816,-0.14322687685489655,-0.17905759811401367,968.3533281750821,772.1709343727317,962.6997375488281,628.0448303222656,279.95721435546875,248.62908935546875,1.1260034579268787,0.8871000409126282,0.020194480929058865,0.5796831916333283,0.5800348435414859,car,1
38,RECORD@2020-11-21_13.44.44,0,3,10.259765625,-0.5571427941322327,-0.8000000715255737,-1.0,137953854619648.0,10.257203102111816,-0.14322687685489655,-0.17905759811401367,968.3533281750821,772.1709343727317,341.12611389160156,571.46630859375,84.00839233398438,63.7364501953125,1.3180588513566571,0.6574046015739441,7.466244703146698,3.148977157716615,8.10313933652181,car,0
38,RECORD@2020-11-21_13.44.44,0,4,10.259765625,-0.5571427941322327,-0.8000000715255737,-1.0,137953854619648.0,10.257203102111816,-0.14322687685489655,-0.17905759811401367,968.3533281750821,772.1709343727317,796.5946655273438,542.1847839355469,75.5009765625,42.98748779296875,1.7563477290442946,0.5463707447052002,2.2749197489592183,5.3500718987072915,5.81365024623447,car,0
38,RECORD@2020-11-21_13.44.44,1,0,51.90234375,5.5,32.79999923706055,2.0,117674705158144.0,43.600799560546875,28.098798751831055,1.8113657236099243,-882.4477697538993,453.17236158563986,1615.630859375,657.3475799560547,488.807373046875,315.1086730957031,1.5512342717980887,0.9025142192840576,-5.110558405773764,-0.647951756974978,5.151470537447714,car,0
38,RECORD@2020-11-21_13.44.44,1,1,51.90234375,5.5,32.79999923706055,2.0,117674705158144.0,43.600799560546875,28.098798751831055,1.8113657236099243,-882.4477697538993,453.17236158563986,1208.7935791015625,574.6838684082031,155.362060546875,119.58026123046875,1.2992283086540803,0.8898676633834839,-13.460437776728016,-1.0161502038231243,13.498738695815117,car,0
38,RECORD@2020-11-21_13.44.44,1,2,51.90234375,5.5,32.79999923706055,2.0,117674705158144.0,43.600799560546875,28.098798751831055,1.8113657236099243,-882.4477697538993,453.17236158563986,962.6997375488281,628.0448303222656,279.95721435546875,248.62908935546875,1.1260034579268787,0.8871000409126282,-6.590819642032503,-0.7033467772815913,6.6282426210055,car,0
38,RECORD@2020-11-21_13.44.44,1,3,51.90234375,5.5,32.79999923706055,2.0,117674705158144.0,43.600799560546875,28.098798751831055,1.8113657236099243,-882.4477697538993,453.17236158563986,341.12611389160156,571.46630859375,84.00839233398438,63.7364501953125,1.3180588513566571,0.6574046015739441,-14.564900596848128,-1.855985807895057,14.682677300655177,car,0
38,RECORD@2020-11-21_13.44.44,1,4,51.90234375,5.5,32.79999923706055,2.0,117674705158144.0,43.600799560546875,28.098798751831055,1.8113657236099243,-882.4477697538993,453.17236158563986,796.5946655273438,542.1847839355469,75.5009765625,42.98748779296875,1.7563477290442946,0.5463707447052002,-22.23868500417773,-2.0706588572609337,22.33487718386185,car,0
39,RECORD@2020-11-21_13.44.44,0,0,7.937144756317139,2.60909104347229,-25.054542541503906,-0.27272728085517883,124762298777600.0,7.187041759490967,-3.361541748046875,-0.03924267366528511,1705.5151089233932,842.9007760229792,1596.71484375,657.5589752197266,474.8994140625,308.4467468261719,1.5396479909387215,0.9037903547286987,0.22910170438549823,0.6008875201647169,0.6430811790451058,car,1
39,RECORD@2020-11-21_13.44.44,0,1,7.937144756317139,2.60909104347229,-25.054542541503906,-0.27272728085517883,124762298777600.0,7.187041759490967,-3.361541748046875,-0.03924267366528511,1705.5151089233932,842.9007760229792,965.963623046875,629.3540802001953,283.321044921875,251.02987670898438,1.128634761073979,0.8834347724914551,2.610294925604441,0.8506823913646971,2.745414382131458,car,0
39,RECORD@2020-11-21_13.44.44,0,2,7.937144756317139,2.60909104347229,-25.054542541503906,-0.27272728085517883,124762298777600.0,7.187041759490967,-3.361541748046875,-0.03924267366528511,1705.5151089233932,842.9007760229792,1206.6613159179688,574.8253173828125,151.1480712890625,117.2340087890625,1.2892851899402424,0.8666491508483887,3.300431085563729,2.2866697250156407,4.015184152919824,car,0
39,RECORD@2020-11-21_13.44.44,0,3,7.937144756317139,2.60909104347229,-25.054542541503906,-0.27272728085517883,124762298777600.0,7.187041759490967,-3.361541748046875,-0.03924267366528511,1705.5151089233932,842.9007760229792,789.9751892089844,541.4181518554688,68.99139404296875,44.275634765625,1.5582248432614845,0.5405808091163635,13.270349619898948,6.809221951608868,14.915350569819813,car,0
39,RECORD@2020-11-21_13.44.44,0,4,7.937144756317139,2.60909104347229,-25.054542541503906,-0.27272728085517883,124762298777600.0,7.187041759490967,-3.361541748046875,-0.03924267366528511,1705.5151089233932,842.9007760229792,282.9275665283203,573.4528198242188,92.90194702148438,67.24951171875,1.3814516216863795,0.441803514957428,15.312785016939282,4.006690150043648,15.828295894803615,car,0
39,RECORD@2020-11-21_13.44.44,1,0,10.1591796875,-9.550000190734863,-1.75,-3.0,120245872230400.0,10.140510559082031,-0.30990833044052124,-0.5316903591156006,995.1473558741657,828.8388394494989,1596.71484375,657.5589752197266,474.8994140625,308.4467468261719,1.5396479909387215,0.9037903547286987,-1.2667261109668666,0.5552980084639983,1.3830946888804558,car,0
39,RECORD@2020-11-21_13.44.44,1,1,10.1591796875,-9.550000190734863,-1.75,-3.0,120245872230400.0,10.140510559082031,-0.30990833044052124,-0.5316903591156006,995.1473558741657,828.8388394494989,965.963623046875,629.3540802001953,283.321044921875,251.02987670898438,1.128634761073979,0.8834347724914551,0.10300587743257125,0.7946654074190684,0.8013134970373131,car,1
39,RECORD@2020-11-21_13.44.44,1,2,10.1591796875,-9.550000190734863,-1.75,-3.0,120245872230400.0,10.140510559082031,-0.30990833044052124,-0.5316903591156006,995.1473558741657,828.8388394494989,1206.6613159179688,574.8253173828125,151.1480712890625,117.2340087890625,1.2892851899402424,0.8666491508483887,-1.3993824614493036,2.1667221371208876,2.5793324897929732,car,0
39,RECORD@2020-11-21_13.44.44,1,3,10.1591796875,-9.550000190734863,-1.75,-3.0,120245872230400.0,10.140510559082031,-0.30990833044052124,-0.5316903591156006,995.1473558741657,828.8388394494989,789.9751892089844,541.4181518554688,68.99139404296875,44.275634765625,1.5582248432614845,0.5405808091163635,2.9738805761396465,6.491622065172054,7.140386734496204,car,0
39,RECORD@2020-11-21_13.44.44,1,4,10.1591796875,-9.550000190734863,-1.75,-3.0,120245872230400.0,10.140510559082031,-0.30990833044052124,-0.5316903591156006,995.1473558741657,828.8388394494989,282.9275665283203,573.4528198242188,92.90194702148438,67.24951171875,1.3814516216863795,0.441803514957428,7.666360202129439,3.79758920322503,8.555393766814328,car,0
40,RECORD@2020-11-21_13.44.44,0,0,10.015485763549805,-1.5857141017913818,-1.542857050895691,-2.5714285373687744,135227515076608.0,9.999967575073242,-0.2696193754673004,-0.4466777741909027,989.3316917744276,819.431274893203,1581.5919799804688,650.9756927490234,452.7117919921875,297.2302551269531,1.523101313487838,0.8965339064598083,-1.3082501907002722,0.5667511272438558,1.4257367925740991,car,0
40,RECORD@2020-11-21_13.44.44,0,1,10.015485763549805,-1.5857141017913818,-1.542857050895691,-2.5714285373687744,135227515076608.0,9.999967575073242,-0.2696193754673004,-0.4466777741909027,989.3316917744276,819.431274893203,968.85595703125,627.1263732910156,284.9794921875,251.96197509765625,1.131041666414334,0.868870735168457,0.07184985342631499,0.7632298545352059,0.766604338815803,car,1
40,RECORD@2020-11-21_13.44.44,0,2,10.015485763549805,-1.5857141017913818,-1.542857050895691,-2.5714285373687744,135227515076608.0,9.999967575073242,-0.2696193754673004,-0.4466777741909027,989.3316917744276,819.431274893203,1206.92626953125,573.2825622558594,145.048583984375,116.80560302734375,1.2417947446443958,0.8591140508651733,-1.5001496173189963,2.1073365168939806,2.5867578297508227,car,0
40,RECORD@2020-11-21_13.44.44,0,3,10.015485763549805,-1.5857141017913818,-1.542857050895691,-2.5714285373687744,135227515076608.0,9.999967575073242,-0.2696193754673004,-0.4466777741909027,989.3316917744276,819.431274893203,843.1263427734375,544.7968139648438,59.9278564453125,68.640380859375,0.8730699873021971,0.5146373510360718,2.439689280967534,4.00106260323655,4.686212302348872,car,0
40,RECORD@2020-11-21_13.44.44,0,4,10.015485763549805,-1.5857141017913818,-1.542857050895691,-2.5714285373687744,135227515076608.0,9.999967575073242,-0.2696193754673004,-0.4466777741909027,989.3316917744276,819.431274893203,209.95677947998047,572.8557739257812,110.24781799316406,69.5240478515625,1.5857508502460753,0.4212394952774048,7.069300113883182,3.5466217601983328,7.909078960919603,car,0
40,RECORD@2020-11-21_13.44.44,1,0,8.248046875,-4.880000114440918,-23.799999237060547,1.0,120610306916352.0,7.545480251312256,-3.327953815460205,0.1439482718706131,1624.8827745363387,781.8066681361495,1581.5919799804688,650.9756927490234,452.7117919921875,297.2302551269531,1.523101313487838,0.8965339064598083,0.09562550682712734,0.44016708639315827,0.45043456961004563,car,1
40,RECORD@2020-11-21_13.44.44,1,1,8.248046875,-4.880000114440918,-23.799999237060547,1.0,120610306916352.0,7.545480251312256,-3.327953815460205,0.1439482718706131,1624.8827745363387,781.8066681361495,968.85595703125,627.1263732910156,284.9794921875,251.96197509765625,1.131041666414334,0.868870735168457,2.3020141290498937,0.6139033272190471,2.382466441634794,car,0
40,RECORD@2020-11-21_13.44.44,1,2,8.248046875,-4.880000114440918,-23.799999237060547,1.0,120610306916352.0,7.545480251312256,-3.327953815460205,0.1439482718706131,1624.8827745363387,781.8066681361495,1206.92626953125,573.2825622558594,145.048583984375,116.80560302734375,1.2417947446443958,0.8591140508651733,2.881493176452602,1.785223486509251,3.3896940603433747,car,0
40,RECORD@2020-11-21_13.44.44,1,3,8.248046875,-4.880000114440918,-23.799999237060547,1.0,120610306916352.0,7.545480251312256,-3.327953815460205,0.1439482718706131,1624.8827745363387,781.8066681361495,843.1263427734375,544.7968139648438,59.9278564453125,68.640380859375,0.8730699873021971,0.5146373510360718,13.044959024628179,3.4529216068435407,13.494207037734197,car,0
40,RECORD@2020-11-21_13.44.44,1,4,8.248046875,-4.880000114440918,-23.799999237060547,1.0,120610306916352.0,7.545480251312256,-3.327953815460205,0.1439482718706131,1624.8827745363387,781.8066681361495,209.95677947998047,572.8557739257812,110.24781799316406,69.5240478515625,1.5857508502460753,0.4212394952774048,12.834049877922219,3.005447764728679,13.181257623440485,car,0
41,RECORD@2020-11-21_13.44.44,0,0,9.857421875,0.576923131942749,-1.846153736114502,-1.7692307233810425,137494133735424.0,9.847331047058105,-0.31740808486938477,-0.3043305575847626,997.8306982421591,801.0214309020147,1567.9171142578125,646.5381317138672,441.944091796875,292.0849914550781,1.5130667604495687,0.9050328135490417,-1.2899514363859281,0.5288984497921613,1.3941693865620026,car,0
41,RECORD@2020-11-21_13.44.44,0,1,9.857421875,0.576923131942749,-1.846153736114502,-1.7692307233810425,137494133735424.0,9.847331047058105,-0.31740808486938477,-0.3043305575847626,997.8306982421591,801.0214309020147,973.78125,626.6128997802734,292.546142578125,254.22158813476562,1.1507525569506045,0.8886711001396179,0.08220736746079856,0.6860492549094036,0.690957040217829,car,0
41,RECORD@2020-11-21_13.44.44,0,2,9.857421875,0.576923131942749,-1.846153736114502,-1.7692307233810425,137494133735424.0,9.847331047058105,-0.31740808486938477,-0.3043305575847626,997.8306982421591,801.0214309020147,1203.3936767578125,569.1110076904297,141.840087890625,117.33889770507812,1.2088070594214089,0.8609569072723389,-1.4492586797758196,1.9764155599490392,2.45083030553203,car,0
41,RECORD@2020-11-21_13.44.44,0,3,9.857421875,0.576923131942749,-1.846153736114502,-1.7692307233810425,137494133735424.0,9.847331047058105,-0.31740808486938477,-0.3043305575847626,997.8306982421591,801.0214309020147,123.02203941345215,583.3694763183594,129.78041458129883,97.30450439453125,1.3337554657808093,0.61260986328125,6.74068318899303,2.236812734805809,7.102122293016552,car,0
41,RECORD@2020-11-21_13.44.44,0,4,9.857421875,0.576923131942749,-1.846153736114502,-1.7692307233810425,137494133735424.0,9.847331047058105,-0.31740808486938477,-0.3043305575847626,997.8306982421591,801.0214309020147,1119.2517700195312,545.5526123046875,81.3980712890625,75.94580078125,1.071791599426503,0.4915153682231903,-1.4916947030130379,3.3638307315129268,3.679743235236386,car,0
41,RECORD@2020-11-21_13.44.44,0,5,9.857421875,0.576923131942749,-1.846153736114502,-1.7692307233810425,137494133735424.0,9.847331047058105,-0.31740808486938477,-0.3043305575847626,997.8306982421591,801.0214309020147,779.5641174316406,536.7948608398438,68.11871337890625,44.6719970703125,1.5248638486363002,0.48783421516418457,3.2042087993709414,5.914814366733718,6.7269594188523065,car,0
41,RECORD@2020-11-21_13.44.44,0,6,9.857421875,0.576923131942749,-1.846153736114502,-1.7692307233810425,137494133735424.0,9.847331047058105,-0.31740808486938477,-0.3043305575847626,997.8306982421591,801.0214309020147,849.0349731445312,531.1428070068359,48.1314697265625,43.690948486328125,1.1016348098193363,0.4397759437561035,3.0914436218745127,6.176991648044212,6.907405409213836,car,0
41,RECORD@2020-11-21_13.44.44,1,0,8.5498046875,-6.366666793823242,-24.69999885559082,-1.5,101876498432000.0,7.7530694007873535,-3.5705578327178955,-0.22636322677135468,1704.402769564313,861.6035712813468,1567.9171142578125,646.5381317138672,441.944091796875,292.0849914550781,1.5130667604495687,0.9050328135490417,0.3088301390150311,0.7363111623643837,0.7984548719786442,car,0
41,RECORD@2020-11-21_13.44.44,1,1,8.5498046875,-6.366666793823242,-24.69999885559082,-1.5,101876498432000.0,7.7530694007873535,-3.5705578327178955,-0.22636322677135468,1704.402769564313,861.6035712813468,973.78125,626.6128997802734,292.546142578125,254.22158813476562,1.1507525569506045,0.8886711001396179,2.497457369034354,0.9243537231641488,2.663028936318834,car,0
41,RECORD@2020-11-21_13.44.44,1,2,8.5498046875,-6.366666793823242,-24.69999885559082,-1.5,101876498432000.0,7.7530694007873535,-3.5705578327178955,-0.22636322677135468,1704.402769564313,861.6035712813468,1203.3936767578125,569.1110076904297,141.840087890625,117.33889770507812,1.2088070594214089,0.8609569072723389,3.5322108175287945,2.492716135156422,4.323210264367973,car,0
41,RECORD@2020-11-21_13.44.44,1,3,8.5498046875,-6.366666793823242,-24.69999885559082,-1.5,101876498432000.0,7.7530694007873535,-3.5705578327178955,-0.22636322677135468,1704.402769564313,861.6035712813468,123.02203941345215,583.3694763183594,129.78041458129883,97.30450439453125,1.3337554657808093,0.61260986328125,12.185049148230535,2.8594163928409557,12.516057080903764,car,0
41,RECORD@2020-11-21_13.44.44,1,4,8.5498046875,-6.366666793823242,-24.69999885559082,-1.5,101876498432000.0,7.7530694007873535,-3.5705578327178955,-0.22636322677135468,1704.402769564313,861.6035712813468,1119.2517700195312,545.5526123046875,81.3980712890625,75.94580078125,1.071791599426503,0.4915153682231903,7.188757550124027,4.161533037053552,8.306418742933284,car,0
41,RECORD@2020-11-21_13.44.44,1,5,8.5498046875,-6.366666793823242,-24.69999885559082,-1.5,101876498432000.0,7.7530694007873535,-3.5705578327178955,-0.22636322677135468,1704.402769564313,861.6035712813468,779.5641174316406,536.7948608398438,68.11871337890625,44.6719970703125,1.5248638486363002,0.48783421516418457,13.576866124706628,7.2709691024169585,15.401242984139573,car,0
41,RECORD@2020-11-21_13.44.44,1,6,8.5498046875,-6.366666793823242,-24.69999885559082,-1.5,101876498432000.0,7.7530694007873535,-3.5705578327178955,-0.22636322677135468,1704.402769564313,861.6035712813468,849.0349731445312,531.1428070068359,48.1314697265625,43.690948486328125,1.1016348098193363,0.4397759437561035,17.771487163786453,7.563597855467007,19.31408213019329,car,0
42,RECORD@2020-11-21_13.44.44,0,0,8.87391471862793,6.0,-24.955554962158203,0.4444444477558136,147877972148224.0,8.041937828063965,-3.7436273097991943,0.06632321327924728,1712.1240793103657,791.9406444268255,1560.0449829101562,643.7733764648438,437.1021728515625,286.6541748046875,1.5248414684676512,0.8916928768157959,0.347925738753659,0.5168850865784038,0.6230750455719145,car,0
42,RECORD@2020-11-21_13.44.44,0,1,8.87391471862793,6.0,-24.955554962158203,0.4444444477558136,147877972148224.0,8.041937828063965,-3.7436273097991943,0.06632321327924728,1712.1240793103657,791.9406444268255,976.6676940917969,628.9425659179688,295.45709228515625,257.363525390625,1.148014629643859,0.879360556602478,2.489215538981726,0.6333379147703979,2.5685230997197204,car,0
42,RECORD@2020-11-21_13.44.44,0,2,8.87391471862793,6.0,-24.955554962158203,0.4444444477558136,147877972148224.0,8.041937828063965,-3.7436273097991943,0.06632321327924728,1712.1240793103657,791.9406444268255,1203.6574096679688,568.8731536865234,141.3973388671875,116.01943969726562,1.2187383358869988,0.8718302845954895,3.5960130064399047,1.9226734013055178,4.077742334990368,car,0
42,RECORD@2020-11-21_13.44.44,0,3,8.87391471862793,6.0,-24.955554962158203,0.4444444477558136,147877972148224.0,8.041937828063965,-3.7436273097991943,0.06632321327924728,1712.1240793103657,791.9406444268255,1123.6207885742188,543.5605773925781,82.7947998046875,83.03228759765625,0.9971398139225126,0.5489457249641418,7.107974077169377,2.991367264717616,7.711781479926412,car,0
42,RECORD@2020-11-21_13.44.44,0,4,8.87391471862793,6.0,-24.955554962158203,0.4444444477558136,147877972148224.0,8.041937828063965,-3.7436273097991943,0.06632321327924728,1712.1240793103657,791.9406444268255,850.4322509765625,530.6799621582031,54.897216796875,45.59954833984375,1.2038982576699597,0.5061603784561157,15.696457463811802,5.729457676236222,16.709442305984822,car,0
42,RECORD@2020-11-21_13.44.44,0,5,8.87391471862793,6.0,-24.955554962158203,0.4444444477558136,147877972148224.0,8.041937828063965,-3.7436273097991943,0.06632321327924728,1712.1240793103657,791.9406444268255,844.0426940917969,545.1441802978516,64.24676513671875,69.94076538085938,0.9185882480248222,0.4703064560890198,13.51167460916156,3.5286497478981627,13.964838695352086,car,0
42,RECORD@2020-11-21_13.44.44,0,6,8.87391471862793,6.0,-24.955554962158203,0.4444444477558136,147877972148224.0,8.041937828063965,-3.7436273097991943,0.06632321327924728,1712.1240793103657,791.9406444268255,780.1299743652344,535.13623046875,51.25384521484375,37.5001220703125,1.3667647566251413,0.4399002194404602,18.183886516971302,6.848095413571423,19.43064949134405,car,0
42,RECORD@2020-11-21_13.44.44,1,0,9.676366806030273,-3.0199999809265137,-1.3599998950958252,-2.0,138042639646720.0,9.66773796081543,-0.22953522205352783,-0.3377003073692322,984.0945254894065,810.8785033047691,1560.0449829101562,643.7733764648438,437.1021728515625,286.6541748046875,1.5248414684676512,0.8916928768157959,-1.317656358611467,0.5829502638633566,1.4408501967684177,car,0
42,RECORD@2020-11-21_13.44.44,1,1,9.676366806030273,-3.0199999809265137,-1.3599998950958252,-2.0,138042639646720.0,9.66773796081543,-0.22953522205352783,-0.3377003073692322,984.0945254894065,810.8785033047691,976.6676940917969,628.9425659179688,295.45709228515625,257.363525390625,1.148014629643859,0.879360556602478,0.02513675112744184,0.7069219972436224,0.7073687627003011,car,0
42,RECORD@2020-11-21_13.44.44,1,2,9.676366806030273,-3.0199999809265137,-1.3599998950958252,-2.0,138042639646720.0,9.66773796081543,-0.22953522205352783,-0.3377003073692322,984.0945254894065,810.8785033047691,1203.6574096679688,568.8731536865234,141.3973388671875,116.01943969726562,1.2187383358869988,0.8718302845954895,-1.5528077539337184,2.0859034507468777,2.600424028214324,car,0
42,RECORD@2020-11-21_13.44.44,1,3,9.676366806030273,-3.0199999809265137,-1.3599998950958252,-2.0,138042639646720.0,9.66773796081543,-0.22953522205352783,-0.3377003073692322,984.0945254894065,810.8785033047691,1123.6207885742188,543.5605773925781,82.7947998046875,83.03228759765625,0.9971398139225126,0.5489457249641418,-1.6852056338556771,3.219445515068966,3.6338337128818368,car,0
42,RECORD@2020-11-21_13.44.44,1,4,9.676366806030273,-3.0199999809265137,-1.3599998950958252,-2.0,138042639646720.0,9.66773796081543,-0.22953522205352783,-0.3377003073692322,984.0945254894065,810.8785033047691,850.4322509765625,530.6799621582031,54.897216796875,45.59954833984375,1.2038982576699597,0.5061603784561157,2.434773241918753,6.144765712552803,6.609558714598737,car,0
42,RECORD@2020-11-21_13.44.44,1,5,9.676366806030273,-3.0199999809265137,-1.3599998950958252,-2.0,138042639646720.0,9.66773796081543,-0.22953522205352783,-0.3377003073692322,984.0945254894065,810.8785033047691,844.0426940917969,545.1441802978516,64.24676513671875,69.94076538085938,0.9185882480248222,0.4703064560890198,2.1799047951998163,3.7994197169543815,4.380362439538179,car,0
42,RECORD@2020-11-21_13.44.44,1,6,9.676366806030273,-3.0199999809265137,-1.3599998950958252,-2.0,138042639646720.0,9.66773796081543,-0.22953522205352783,-0.3377003073692322,984.0945254894065,810.8785033047691,780.1299743652344,535.13623046875,51.25384521484375,37.5001220703125,1.3667647566251413,0.4399002194404602,3.9794975434370223,7.3531033397439085,8.36089286040518,car,0
43,RECORD@2020-11-21_13.44.44,0,0,9.012499809265137,-3.700000047683716,-25.15999984741211,-0.800000011920929,123075601367040.0,8.153654098510742,-3.8318679332733154,-0.12639360129833221,1741.090255501032,831.4761853827507,1547.8303833007812,637.4226837158203,420.3870849609375,279.9075622558594,1.501878268571636,0.8978325724601746,0.4597188617680978,0.6932770951345322,0.8318500841519045,car,0
43,RECORD@2020-11-21_13.44.44,0,1,9.012499809265137,-3.700000047683716,-25.15999984741211,-0.800000011920929,123075601367040.0,8.153654098510742,-3.8318679332733154,-0.12639360129833221,1741.090255501032,831.4761853827507,981.0434875488281,628.5791015625,301.94696044921875,263.8377685546875,1.144441760947626,0.8892874717712402,2.5171532338707814,0.7690221340626402,2.632005973675666,car,0
43,RECORD@2020-11-21_13.44.44,0,2,9.012499809265137,-3.700000047683716,-25.15999984741211,-0.800000011920929,123075601367040.0,8.153654098510742,-3.8318679332733154,-0.12639360129833221,1741.090255501032,831.4761853827507,1199.2536010742188,566.9640960693359,139.4937744140625,113.71450805664062,1.2267016478194792,0.8682510256767273,3.8843070717870707,2.326106790011901,4.527539533397198,car,0
43,RECORD@2020-11-21_13.44.44,0,3,9.012499809265137,-3.700000047683716,-25.15999984741211,-0.800000011920929,123075601367040.0,8.153654098510742,-3.8318679332733154,-0.12639360129833221,1741.090255501032,831.4761853827507,774.7844848632812,534.2059326171875,82.0689697265625,43.7071533203125,1.8777010967772567,0.5944820642471313,11.774313408067503,6.8014096133643545,13.597559669299606,car,0
43,RECORD@2020-11-21_13.44.44,0,4,9.012499809265137,-3.700000047683716,-25.15999984741211,-0.800000011920929,123075601367040.0,8.153654098510742,-3.8318679332733154,-0.12639360129833221,1741.090255501032,831.4761853827507,402.1002502441406,550.4385375976562,84.3240966796875,60.932373046875,1.383896481675141,0.580383837223053,15.879091006965218,4.61228791415843,16.535378163518835,car,0
43,RECORD@2020-11-21_13.44.44,0,5,9.012499809265137,-3.700000047683716,-25.15999984741211,-0.800000011920929,123075601367040.0,8.153654098510742,-3.8318679332733154,-0.12639360129833221,1741.090255501032,831.4761853827507,850.7937622070312,527.3822021484375,57.1864013671875,44.9150390625,1.2732127715087078,0.5618218183517456,15.568325196361045,6.770426778682337,16.976790868275106,car,0
43,RECORD@2020-11-21_13.44.44,0,6,9.012499809265137,-3.700000047683716,-25.15999984741211,-0.800000011920929,123075601367040.0,8.153654098510742,-3.8318679332733154,-0.12639360129833221,1741.090255501032,831.4761853827507,848.5298767089844,538.0889739990234,62.80096435546875,58.800201416015625,1.0680399529781786,0.4562075734138489,14.212526637965917,4.98956133343816,15.062922549592823,car,0
43,RECORD@2020-11-21_13.44.44,0,7,9.012499809265137,-3.700000047683716,-25.15999984741211,-0.800000011920929,123075601367040.0,8.153654098510742,-3.8318679332733154,-0.12639360129833221,1741.090255501032,831.4761853827507,1122.0038452148438,545.6342010498047,79.9625244140625,74.40042114257812,1.074759029398844,0.45207375288009644,7.74220692533956,3.841940407637873,8.643047736222247,car,0
43,RECORD@2020-11-21_13.44.44,0,8,9.012499809265137,-3.700000047683716,-25.15999984741211,-0.800000011920929,123075601367040.0,8.153654098510742,-3.8318679332733154,-0.12639360129833221,1741.090255501032,831.4761853827507,1121.8622436523438,532.11962890625,80.9608154296875,67.432861328125,1.200613674625731,0.418516606092453,7.648490304380306,4.439327511550287,8.843474017093442,car,0
43,RECORD@2020-11-21_13.44.44,1,0,9.495312690734863,1.1999998092651367,-1.3799998760223389,-1.399999976158142,116368204627968.0,9.487648010253906,-0.22878924012184143,-0.23166170716285706,984.6748484393042,798.3631195961858,1547.8303833007812,637.4226837158203,420.3870849609375,279.9075622558594,1.501878268571636,0.8978325724601746,-1.3396118839231361,0.574977090948519,1.4577923907963422,car,0
43,RECORD@2020-11-21_13.44.44,1,1,9.495312690734863,1.1999998092651367,-1.3799998760223389,-1.399999976158142,116368204627968.0,9.487648010253906,-0.22878924012184143,-0.23166170716285706,984.6748484393042,798.3631195961858,981.0434875488281,628.5791015625,301.94696044921875,263.8377685546875,1.144441760947626,0.8892874717712402,0.01202648599301544,0.6435167298592942,0.6436290996949563,car,0
43,RECORD@2020-11-21_13.44.44,1,2,9.495312690734863,1.1999998092651367,-1.3799998760223389,-1.399999976158142,116368204627968.0,9.487648010253906,-0.22878924012184143,-0.23166170716285706,984.6748484393042,798.3631195961858,1199.2536010742188,566.9640960693359,139.4937744140625,113.71450805664062,1.2267016478194792,0.8682510256767273,-1.538267593204379,2.03491205723364,2.5509085183474607,car,0
43,RECORD@2020-11-21_13.44.44,1,3,9.495312690734863,1.1999998092651367,-1.3799998760223389,-1.399999976158142,116368204627968.0,9.487648010253906,-0.22878924012184143,-0.23166170716285706,984.6748484393042,798.3631195961858,774.7844848632812,534.2059326171875,82.0689697265625,43.7071533203125,1.8777010967772567,0.5944820642471313,2.557487492231668,6.043797568857766,6.562639051955583,car,0
43,RECORD@2020-11-21_13.44.44,1,4,9.495312690734863,1.1999998092651367,-1.3799998760223389,-1.399999976158142,116368204627968.0,9.487648010253906,-0.22878924012184143,-0.23166170716285706,984.6748484393042,798.3631195961858,402.1002502441406,550.4385375976562,84.3240966796875,60.932373046875,1.383896481675141,0.580383837223053,6.908755873284057,4.068848291987615,8.017882148039313,car,0
43,RECORD@2020-11-21_13.44.44,1,5,9.495312690734863,1.1999998092651367,-1.3799998760223389,-1.399999976158142,116368204627968.0,9.487648010253906,-0.22878924012184143,-0.23166170716285706,984.6748484393042,798.3631195961858,850.7937622070312,527.3822021484375,57.1864013671875,44.9150390625,1.2732127715087078,0.5618218183517456,2.3411350081750637,6.033188951938214,6.471497667178145,car,0
43,RECORD@2020-11-21_13.44.44,1,6,9.495312690734863,1.1999998092651367,-1.3799998760223389,-1.399999976158142,116368204627968.0,9.487648010253906,-0.22878924012184143,-0.23166170716285706,984.6748484393042,798.3631195961858,848.5298767089844,538.0889739990234,62.80096435546875,58.800201416015625,1.0680399529781786,0.4562075734138489,2.1678802726611996,4.426415885137947,4.928779003444479,car,0
43,RECORD@2020-11-21_13.44.44,1,7,9.495312690734863,1.1999998092651367,-1.3799998760223389,-1.399999976158142,116368204627968.0,9.487648010253906,-0.22878924012184143,-0.23166170716285706,984.6748484393042,798.3631195961858,1122.0038452148438,545.6342010498047,79.9625244140625,74.40042114257812,1.074759029398844,0.45207375288009644,-1.7174169747871082,3.3968748384106733,3.806347295388906,car,0
43,RECORD@2020-11-21_13.44.44,1,8,9.495312690734863,1.1999998092651367,-1.3799998760223389,-1.399999976158142,116368204627968.0,9.487648010253906,-0.22878924012184143,-0.23166170716285706,984.6748484393042,798.3631195961858,1121.8622436523438,532.11962890625,80.9608154296875,67.432861328125,1.200613674625731,0.418516606092453,-1.6944912731540287,3.948275150218052,4.296530849025123,car,0
44,RECORD@2020-11-21_13.44.44,0,0,9.142144203186035,0.9833333492279053,-21.133331298828125,0.0,184045589757952.0,8.527351379394531,-3.295574188232422,0.0,1523.1490187877107,774.7552634780013,1539.194091796875,632.7304229736328,413.57080078125,272.6485290527344,1.5168642288961667,0.8955341577529907,-0.038796435770742474,0.5209081486623343,0.5223509000387899,car,0
44,RECORD@2020-11-21_13.44.44,0,1,9.142144203186035,0.9833333492279053,-21.133331298828125,0.0,184045589757952.0,8.527351379394531,-3.295574188232422,0.0,1523.1490187877107,774.7552634780013,984.7474365234375,628.6840057373047,306.040283203125,269.4383850097656,1.1358451513581955,0.8903646469116211,1.75925069938236,0.5421323236308827,1.840888502762387,car,0
44,RECORD@2020-11-21_13.44.44,0,2,9.142144203186035,0.9833333492279053,-21.133331298828125,0.0,184045589757952.0,8.527351379394531,-3.295574188232422,0.0,1523.1490187877107,774.7552634780013,1198.2169799804688,565.0639343261719,139.3204345703125,112.63641357421875,1.2369040361757526,0.859499990940094,2.3322640344138077,1.8616655351305105,2.984167235748181,car,0
44,RECORD@2020-11-21_13.44.44,0,3,9.142144203186035,0.9833333492279053,-21.133331298828125,0.0,184045589757952.0,8.527351379394531,-3.295574188232422,0.0,1523.1490187877107,774.7552634780013,352.22100830078125,552.2213745117188,100.56231689453125,64.8226318359375,1.5513457884439021,0.7321556210517883,11.643805022063951,3.4329659667244545,12.139334854946958,car,0
44,RECORD@2020-11-21_13.44.44,0,4,9.142144203186035,0.9833333492279053,-21.133331298828125,0.0,184045589757952.0,8.527351379394531,-3.295574188232422,0.0,1523.1490187877107,774.7552634780013,847.2426147460938,528.2921295166016,58.7742919921875,48.729827880859375,1.2061255815613807,0.5875788331031799,11.500034813374885,5.057746860177362,12.563104871426821,car,0
44,RECORD@2020-11-21_13.44.44,0,5,9.142144203186035,0.9833333492279053,-21.133331298828125,0.0,184045589757952.0,8.527351379394531,-3.295574188232422,0.0,1523.1490187877107,774.7552634780013,775.3679504394531,533.4237670898438,86.51312255859375,44.5982666015625,1.9398315035760327,0.5647178292274475,8.643556563824166,5.411230408217312,10.197670547867464,car,0
44,RECORD@2020-11-21_13.44.44,0,6,9.142144203186035,0.9833333492279053,-21.133331298828125,0.0,184045589757952.0,8.527351379394531,-3.295574188232422,0.0,1523.1490187877107,774.7552634780013,1122.2255249023438,539.1736450195312,74.9300537109375,88.3487548828125,0.848116691744283,0.5020481944084167,5.350636680870874,2.666496191949169,5.978253493484556,car,0
44,RECORD@2020-11-21_13.44.44,0,7,9.142144203186035,0.9833333492279053,-21.133331298828125,0.0,184045589757952.0,8.527351379394531,-3.295574188232422,0.0,1523.1490187877107,774.7552634780013,39.064260482788086,559.7881774902344,77.58499526977539,73.12408447265625,1.0610046721171222,0.49351686239242554,19.12850227217935,2.939757639880619,19.353081774177646,car,0
44,RECORD@2020-11-21_13.44.44,0,8,9.142144203186035,0.9833333492279053,-21.133331298828125,0.0,184045589757952.0,8.527351379394531,-3.295574188232422,0.0,1523.1490187877107,774.7552634780013,774.8248901367188,545.1483612060547,91.37841796875,69.41836547851562,1.31634355460344,0.45936793088912964,8.18928741912458,3.307581512316189,8.8320169776585,car,0
45,RECORD@2020-11-21_13.44.44,0,0,9.455078125,-0.5533331632614136,-24.71999740600586,-0.9333333373069763,77344316325888.0,8.58731460571289,-3.9534571170806885,-0.15424701571464539,1715.0306751783419,819.2767353953732,1530.8953247070312,628.2738037109375,407.2064208984375,266.0557861328125,1.530530220061307,0.8806729316711426,0.45219166747185535,0.7179055733412573,0.8484490063435848,car,1
45,RECORD@2020-11-21_13.44.44,0,1,9.455078125,-0.5533331632614136,-24.71999740600586,-0.9333333373069763,77344316325888.0,8.58731460571289,-3.9534571170806885,-0.15424701571464539,1715.0306751783419,819.2767353953732,1193.9251098632812,558.8753356933594,136.5750732421875,110.58856201171875,1.2349837158359562,0.8644159436225891,3.8155246996718666,2.3546865513489523,4.48361210285967,car,0
45,RECORD@2020-11-21_13.44.44,0,2,9.455078125,-0.5533331632614136,-24.71999740600586,-0.9333333373069763,77344316325888.0,8.58731460571289,-3.9534571170806885,-0.15424701571464539,1715.0306751783419,819.2767353953732,990.2751770019531,623.3916320800781,308.82220458984375,269.72552490234375,1.1449498696931084,0.8575136065483093,2.346837395125,0.7262386583035357,2.456637610224922,car,0
45,RECORD@2020-11-21_13.44.44,0,3,9.455078125,-0.5533331632614136,-24.71999740600586,-0.9333333373069763,77344316325888.0,8.58731460571289,-3.9534571170806885,-0.15424701571464539,1715.0306751783419,819.2767353953732,294.3781051635742,552.0488891601562,124.49330139160156,72.610107421875,1.7145450655826449,0.7352204918861389,11.411478000298306,3.680311952750398,11.990267979526132,car,0
45,RECORD@2020-11-21_13.44.44,0,4,9.455078125,-0.5533331632614136,-24.71999740600586,-0.9333333373069763,77344316325888.0,8.58731460571289,-3.9534571170806885,-0.15424701571464539,1715.0306751783419,819.2767353953732,846.02783203125,523.0193481445312,68.37451171875,49.4285888671875,1.383298881998622,0.602353036403656,12.709455925939572,5.993644448294343,14.051834175863666,car,0
45,RECORD@2020-11-21_13.44.44,0,5,9.455078125,-0.5533331632614136,-24.71999740600586,-0.9333333373069763,77344316325888.0,8.58731460571289,-3.9534571170806885,-0.15424701571464539,1715.0306751783419,819.2767353953732,750.1110534667969,524.495361328125,68.66912841796875,36.5716552734375,1.8776598407850598,0.4687005877494812,14.051723735859346,8.060378231809267,16.199402371344988,car,0
45,RECORD@2020-11-21_13.44.44,1,0,9.25390625,1.640000343322754,-1.880000114440918,-3.0,58207623970816.0,9.235636711120605,-0.30273088812828064,-0.4843120574951172,998.3010583887174,846.7773447129247,1530.8953247070312,628.2738037109375,407.2064208984375,266.0557861328125,1.530530220061307,0.8806729316711426,-1.3079220733878107,0.8212696449041417,1.5443911355922906,car,0
45,RECORD@2020-11-21_13.44.44,1,1,9.25390625,1.640000343322754,-1.880000114440918,-3.0,58207623970816.0,9.235636711120605,-0.30273088812828064,-0.4843120574951172,998.3010583887174,846.7773447129247,1193.9251098632812,558.8753356933594,136.5750732421875,110.58856201171875,1.2349837158359562,0.8644159436225891,-1.4323554571899464,2.603361539225523,2.9713857810221316,car,0
45,RECORD@2020-11-21_13.44.44,1,2,9.25390625,1.640000343322754,-1.880000114440918,-3.0,58207623970816.0,9.235636711120605,-0.30273088812828064,-0.4843120574951172,998.3010583887174,846.7773447129247,990.2751770019531,623.3916320800781,308.82220458984375,269.72552490234375,1.1449498696931084,0.8575136065483093,0.025988679788824316,0.8281964145355731,0.8286040746500979,car,1
45,RECORD@2020-11-21_13.44.44,1,3,9.25390625,1.640000343322754,-1.880000114440918,-3.0,58207623970816.0,9.235636711120605,-0.30273088812828064,-0.4843120574951172,998.3010583887174,846.7773447129247,294.3781051635742,552.0488891601562,124.49330139160156,72.610107421875,1.7145450655826449,0.7352204918861389,5.654303848934883,4.059055495405817,6.960393920667421,car,0
45,RECORD@2020-11-21_13.44.44,1,4,9.25390625,1.640000343322754,-1.880000114440918,-3.0,58207623970816.0,9.235636711120605,-0.30273088812828064,-0.4843120574951172,998.3010583887174,846.7773447129247,846.02783203125,523.0193481445312,68.37451171875,49.4285888671875,1.383298881998622,0.602353036403656,2.227046636673973,6.550014960740985,6.9182680424981795,car,0
45,RECORD@2020-11-21_13.44.44,1,5,9.25390625,1.640000343322754,-1.880000114440918,-3.0,58207623970816.0,9.235636711120605,-0.30273088812828064,-0.4843120574951172,998.3010583887174,846.7773447129247,750.1110534667969,524.495361328125,68.66912841796875,36.5716552734375,1.8776598407850598,0.4687005877494812,3.614287972482497,8.812343356492194,9.52472954895538,car,0
46,RECORD@2020-11-21_13.44.44,0,0,8.979580879211426,2.799999952316284,0.9818181991577148,-1.0909091234207153,92801333198848.0,8.965922355651855,0.15802384912967682,-0.16845636069774628,918.052156903856,801.3821235401086,1525.1818237304688,630.0650329589844,400.0955810546875,261.09124755859375,1.5323975230724598,0.8911823034286499,-1.5174615656243065,0.6561579225005523,1.65324917130093,car,0
46,RECORD@2020-11-21_13.44.44,0,1,8.979580879211426,2.799999952316284,0.9818181991577148,-1.0909091234207153,92801333198848.0,8.965922355651855,0.15802384912967682,-0.16845636069774628,918.052156903856,801.3821235401086,990.4333801269531,632.3190155029297,308.91937255859375,270.3315734863281,1.1427424794470675,0.884687602519989,-0.23430457799912924,0.6253916472162628,0.6678423074942322,car,0
46,RECORD@2020-11-21_13.44.44,0,2,8.979580879211426,2.799999952316284,0.9818181991577148,-1.0909091234207153,92801333198848.0,8.965922355651855,0.15802384912967682,-0.16845636069774628,918.052156903856,801.3821235401086,1194.48681640625,563.8562927246094,131.162109375,109.67144775390625,1.1959549368703242,0.8272391557693481,-2.1075801603041575,2.1657946136398945,3.0220126473228532,car,0
46,RECORD@2020-11-21_13.44.44,0,3,8.979580879211426,2.799999952316284,0.9818181991577148,-1.0909091234207153,92801333198848.0,8.965922355651855,0.15802384912967682,-0.16845636069774628,918.052156903856,801.3821235401086,245.15672302246094,566.2775573730469,139.53506469726562,81.09429931640625,1.7206519554825992,0.7562447190284729,4.8224110214970315,2.8991503490245654,5.626786010370868,car,0
46,RECORD@2020-11-21_13.44.44,0,4,8.979580879211426,2.799999952316284,0.9818181991577148,-1.0909091234207153,92801333198848.0,8.965922355651855,0.15802384912967682,-0.16845636069774628,918.052156903856,801.3821235401086,841.703857421875,529.6449584960938,68.401611328125,47.7147216796875,1.4335536061031675,0.6403325200080872,1.11617691454278,5.695038249792314,5.803387939053854,car,0
46,RECORD@2020-11-21_13.44.44,0,5,8.979580879211426,2.799999952316284,0.9818181991577148,-1.0909091234207153,92801333198848.0,8.965922355651855,0.15802384912967682,-0.16845636069774628,918.052156903856,801.3821235401086,750.3309326171875,534.0401000976562,90.34716796875,41.089599609375,2.198784335395091,0.40655627846717834,1.8564082091060263,6.506318532767003,6.7659760780439955,car,0
46,RECORD@2020-11-21_13.44.44,1,0,9.65625,-1.1555554866790771,-24.0,-1.0,77813524725760.0,8.820079803466797,-3.926952838897705,-0.16852480173110962,1668.167186610147,809.0053182937385,1525.1818237304688,630.0650329589844,400.0955810546875,261.09124755859375,1.5323975230724598,0.8911823034286499,0.35737801078121395,0.685355357592355,0.7729366136821844,car,0
46,RECORD@2020-11-21_13.44.44,1,1,9.65625,-1.1555554866790771,-24.0,-1.0,77813524725760.0,8.820079803466797,-3.926952838897705,-0.16852480173110962,1668.167186610147,809.0053182937385,990.4333801269531,632.3190155029297,308.91937255859375,270.3315734863281,1.1427424794470675,0.884687602519989,2.193885740702927,0.6535910715577017,2.2891736351966783,car,0
46,RECORD@2020-11-21_13.44.44,1,2,9.65625,-1.1555554866790771,-24.0,-1.0,77813524725760.0,8.820079803466797,-3.926952838897705,-0.16852480173110962,1668.167186610147,809.0053182937385,1194.48681640625,563.8562927246094,131.162109375,109.67144775390625,1.1959549368703242,0.8272391557693481,3.611411652809102,2.235303997438088,4.2472200422167985,car,0
46,RECORD@2020-11-21_13.44.44,1,3,9.65625,-1.1555554866790771,-24.0,-1.0,77813524725760.0,8.820079803466797,-3.926952838897705,-0.16852480173110962,1668.167186610147,809.0053182937385,245.15672302246094,566.2775573730469,139.53506469726562,81.09429931640625,1.7206519554825992,0.7562447190284729,10.198228428639355,2.9931544259805345,10.628397645010972,car,0
46,RECORD@2020-11-21_13.44.44,1,4,9.65625,-1.1555554866790771,-24.0,-1.0,77813524725760.0,8.820079803466797,-3.926952838897705,-0.16852480173110962,1668.167186610147,809.0053182937385,841.703857421875,529.6449584960938,68.401611328125,47.7147216796875,1.4335536061031675,0.6403325200080872,12.082512577425954,5.8548043447263876,13.426311634201083,car,0
46,RECORD@2020-11-21_13.44.44,1,5,9.65625,-1.1555554866790771,-24.0,-1.0,77813524725760.0,8.820079803466797,-3.926952838897705,-0.16852480173110962,1668.167186610147,809.0053182937385,750.3309326171875,534.0401000976562,90.34716796875,41.089599609375,2.198784335395091,0.40655627846717834,10.15899307779551,6.691844671403081,12.164946586848744,car,0
47,RECORD@2020-11-21_13.44.44,0,0,8.921972274780273,1.3450000286102295,-1.869999885559082,-1.0,300993455587328.0,8.915843963623047,-0.29125547409057617,-0.1557098925113678,998.166709755566,800.5214380297022,994.1694030761719,643.9691162109375,312.36383056640625,270.5068359375,1.1547354412831816,0.87857586145401,0.012796957548336622,0.5787370262795715,0.5788784913169734,car,0
47,RECORD@2020-11-21_13.44.44,0,1,8.921972274780273,1.3450000286102295,-1.869999885559082,-1.0,300993455587328.0,8.915843963623047,-0.29125547409057617,-0.1557098925113678,998.166709755566,800.5214380297022,1191.7323608398438,575.5215148925781,115.1209716796875,105.21624755859375,1.0941368310590807,0.8714051842689514,-1.6814108520804938,2.1384522671921378,2.7203162596568156,car,1
47,RECORD@2020-11-21_13.44.44,0,2,8.921972274780273,1.3450000286102295,-1.869999885559082,-1.0,300993455587328.0,8.915843963623047,-0.29125547409057617,-0.1557098925113678,998.166709755566,800.5214380297022,1515.377197265625,641.465576171875,390.542724609375,249.141357421875,1.5675547755327623,0.8436386585235596,-1.324337786672069,0.6384161325271073,1.47018561123361,car,0
47,RECORD@2020-11-21_13.44.44,0,3,8.921972274780273,1.3450000286102295,-1.869999885559082,-1.0,300993455587328.0,8.915843963623047,-0.29125547409057617,-0.1557098925113678,998.166709755566,800.5214380297022,178.2913055419922,584.6377868652344,148.19229125976562,91.41778564453125,1.6210444194743052,0.7533397674560547,5.532510478405505,2.361506020326388,6.015428735984202,car,0
47,RECORD@2020-11-21_13.44.44,0,4,8.921972274780273,1.3450000286102295,-1.869999885559082,-1.0,300993455587328.0,8.915843963623047,-0.29125547409057617,-0.1557098925113678,998.166709755566,800.5214380297022,844.8425598144531,544.5393676757812,66.09210205078125,54.3848876953125,1.2152659470597345,0.5963310599327087,2.3198558554440845,4.706860328333165,5.247500866171896,car,0
47,RECORD@2020-11-21_13.44.44,0,5,8.921972274780273,1.3450000286102295,-1.869999885559082,-1.0,300993455587328.0,8.915843963623047,-0.29125547409057617,-0.1557098925113678,998.166709755566,800.5214380297022,724.8407287597656,546.396484375,66.30010986328125,35.20751953125,1.8831235697940503,0.5428492426872253,4.122556984587676,7.2179169972239094,8.312268154359943,car,0
48,RECORD@2020-11-21_13.44.44,0,0,8.875229835510254,2.388235092163086,-1.7764705419540405,-2.0,162366993989632.0,8.865556716918945,-0.274894118309021,-0.3097410798072815,995.4250939413895,828.4247325821902,996.1904296875,641.3470458984375,314.4931640625,274.530029296875,1.1455692656573067,0.9332759380340576,-0.002433552883071289,0.6814470794429857,0.6814514247259371,car,1
48,RECORD@2020-11-21_13.44.44,0,1,8.875229835510254,2.388235092163086,-1.7764705419540405,-2.0,162366993989632.0,8.865556716918945,-0.274894118309021,-0.3097410798072815,995.4250939413895,828.4247325821902,1507.933837890625,637.0020751953125,387.391357421875,246.037841796875,1.5745194096674742,0.8874396085739136,-1.322974129727695,0.7780212018967119,1.5347890860080924,car,0
48,RECORD@2020-11-21_13.44.44,0,2,8.875229835510254,2.388235092163086,-1.7764705419540405,-2.0,162366993989632.0,8.865556716918945,-0.274894118309021,-0.3097410798072815,995.4250939413895,828.4247325821902,1186.906982421875,570.54296875,124.39501953125,101.4888916015625,1.2257008384682648,0.8132198452949524,-1.5393051040309715,2.5409851242105788,2.9708695031514343,car,0
48,RECORD@2020-11-21_13.44.44,0,3,8.875229835510254,2.388235092163086,-1.7764705419540405,-2.0,162366993989632.0,8.865556716918945,-0.274894118309021,-0.3097410798072815,995.4250939413895,828.4247325821902,92.44133949279785,592.0417175292969,180.1545524597168,111.76654052734375,1.611882694138161,0.6341552138328552,5.012272752033296,2.114971206387677,5.440218869183884,car,0
48,RECORD@2020-11-21_13.44.44,0,4,8.875229835510254,2.388235092163086,-1.7764705419540405,-2.0,162366993989632.0,8.865556716918945,-0.274894118309021,-0.3097410798072815,995.4250939413895,828.4247325821902,582.2980041503906,354.7688903808594,39.65863037109375,67.04058837890625,0.5915614902862637,0.6097522974014282,10.41707910548816,7.065210101144677,12.58700642977967,traffic light,0
48,RECORD@2020-11-21_13.44.44,0,5,8.875229835510254,2.388235092163086,-1.7764705419540405,-2.0,162366993989632.0,8.865556716918945,-0.274894118309021,-0.3097410798072815,995.4250939413895,828.4247325821902,839.953125,537.4984741210938,65.57080078125,50.564208984375,1.296782884540174,0.5989503264427185,2.371054906894576,5.753600507248052,6.223007325121343,car,0
48,RECORD@2020-11-21_13.44.44,1,0,10.05859375,-0.2666664123535156,-22.399999618530273,-1.0,127853760872448.0,9.298216819763184,-3.8324482440948486,-0.17554666101932526,1584.9167547520838,788.7589422089239,996.1904296875,641.3470458984375,314.4931640625,274.530029296875,1.1455692656573067,0.9332759380340576,1.8719844891368917,0.5369609171282176,1.9474734796890782,car,0
48,RECORD@2020-11-21_13.44.44,1,1,10.05859375,-0.2666664123535156,-22.399999618530273,-1.0,127853760872448.0,9.298216819763184,-3.8324482440948486,-0.17554666101932526,1584.9167547520838,788.7589422089239,1507.933837890625,637.0020751953125,387.391357421875,246.037841796875,1.5745194096674742,0.8874396085739136,0.1987213069847173,0.6168029515512478,0.6480247208957736,car,1
48,RECORD@2020-11-21_13.44.44,1,2,10.05859375,-0.2666664123535156,-22.399999618530273,-1.0,127853760872448.0,9.298216819763184,-3.8324482440948486,-0.17554666101932526,1584.9167547520838,788.7589422089239,1186.906982421875,570.54296875,124.39501953125,101.4888916015625,1.2257008384682648,0.8132198452949524,3.199563566371099,2.150146385632261,3.854910698692879,car,0
48,RECORD@2020-11-21_13.44.44,1,3,10.05859375,-0.2666664123535156,-22.399999618530273,-1.0,127853760872448.0,9.298216819763184,-3.8324482440948486,-0.17554666101932526,1584.9167547520838,788.7589422089239,92.44133949279785,592.0417175292969,180.1545524597168,111.76654052734375,1.611882694138161,0.6341552138328552,8.284416879184937,1.7600725919534037,8.46932220175085,car,0
48,RECORD@2020-11-21_13.44.44,1,4,10.05859375,-0.2666664123535156,-22.399999618530273,-1.0,127853760872448.0,9.298216819763184,-3.8324482440948486,-0.17554666101932526,1584.9167547520838,788.7589422089239,582.2980041503906,354.7688903808594,39.65863037109375,67.04058837890625,0.5915614902862637,0.6097522974014282,25.281224823449236,6.473541809854042,26.096878589933205,traffic light,0
48,RECORD@2020-11-21_13.44.44,1,5,10.05859375,-0.2666664123535156,-22.399999618530273,-1.0,127853760872448.0,9.298216819763184,-3.8324482440948486,-0.17554666101932526,1584.9167547520838,788.7589422089239,839.953125,537.4984741210938,65.57080078125,50.564208984375,1.296782884540174,0.5989503264427185,11.36120988116873,4.9691367300034885,12.400379421833662,car,0
49,RECORD@2020-11-21_13.44.44,0,0,8.891797065734863,-0.05500008910894394,-1.399999976158142,-1.0,103153655611392.0,8.882614135742188,-0.21684691309928894,-0.15653029084205627,985.0168042987675,801.5724202902306,997.2176208496094,639.2913208007812,315.61920166015625,277.4051513671875,1.1377553737002768,0.9213302731513977,-0.038656762600835434,0.5849967049625763,0.5862725391077505,car,0
49,RECORD@2020-11-21_13.44.44,0,1,8.891797065734863,-0.05500008910894394,-1.399999976158142,-1.0,103153655611392.0,8.882614135742188,-0.21684691309928894,-0.15653029084205627,985.0168042987675,801.5724202902306,1500.7608032226562,627.8843841552734,380.0379638671875,250.00466918945312,1.5201234644909587,0.8965858817100525,-1.3570854702929802,0.6947391690646253,1.5245797738107787,car,0
49,RECORD@2020-11-21_13.44.44,0,2,8.891797065734863,-0.05500008910894394,-1.399999976158142,-1.0,103153655611392.0,8.882614135742188,-0.21684691309928894,-0.15653029084205627,985.0168042987675,801.5724202902306,1175.427978515625,566.3348083496094,120.725830078125,98.18243408203125,1.2296072225838155,0.816330075263977,-1.5772198384855767,2.3959236103688433,2.86846167233159,car,0
49,RECORD@2020-11-21_13.44.44,0,3,8.891797065734863,-0.05500008910894394,-1.399999976158142,-1.0,103153655611392.0,8.882614135742188,-0.21684691309928894,-0.15653029084205627,985.0168042987675,801.5724202902306,350.81727600097656,567.1832580566406,126.93881225585938,79.71697998046875,1.5923685554440261,0.7153005003929138,4.996104162527462,2.940266456293466,5.797087513297411,car,0
49,RECORD@2020-11-21_13.44.44,0,4,8.891797065734863,-0.05500008910894394,-1.399999976158142,-1.0,103153655611392.0,8.882614135742188,-0.21684691309928894,-0.15653029084205627,985.0168042987675,801.5724202902306,838.6549072265625,534.0502624511719,66.2999267578125,50.81744384765625,1.3046686676443353,0.675383448600769,2.2075725303114058,5.264376512936259,5.708505631646555,car,0
49,RECORD@2020-11-21_13.44.44,0,5,8.891797065734863,-0.05500008910894394,-1.399999976158142,-1.0,103153655611392.0,8.882614135742188,-0.21684691309928894,-0.15653029084205627,985.0168042987675,801.5724202902306,46.2894926071167,590.2123413085938,91.79761695861816,116.4342041015625,0.788407647623421,0.6434431076049805,10.22605316775079,1.8152748207672122,10.385922494635581,car,0
49,RECORD@2020-11-21_13.44.44,0,6,8.891797065734863,-0.05500008910894394,-1.399999976158142,-1.0,103153655611392.0,8.882614135742188,-0.21684691309928894,-0.15653029084205627,985.0168042987675,801.5724202902306,565.3978881835938,340.41603088378906,39.35595703125,70.79397583007812,0.5559224011618358,0.5558746457099915,10.662144889069316,6.51406258794284,12.494572623148962,traffic light,0
49,RECORD@2020-11-21_13.44.44,0,7,8.891797065734863,-0.05500008910894394,-1.399999976158142,-1.0,103153655611392.0,8.882614135742188,-0.21684691309928894,-0.15653029084205627,985.0168042987675,801.5724202902306,702.6260681152344,541.7503662109375,66.68096923828125,42.9100341796875,1.5539714780708866,0.5335853099822998,4.234952482085606,6.05504188114318,7.389069948777111,car,0
50,RECORD@2020-11-21_13.44.44,0,0,8.898897171020508,-0.15294109284877777,-0.19999997317790985,-1.529411792755127,86664420524032.0,8.891874313354492,-0.028863167390227318,-0.23622916638851166,951.3304531542414,815.0683954279392,1002.8358764648438,630.4028167724609,314.7506103515625,276.4385070800781,1.1385917746270646,0.9235408306121826,-0.16363883537214788,0.6680168425377321,0.6877675263895745,car,1
50,RECORD@2020-11-21_13.44.44,0,1,8.898897171020508,-0.15294109284877777,-0.19999997317790985,-1.529411792755127,86664420524032.0,8.891874313354492,-0.028863167390227318,-0.23622916638851166,951.3304531542414,815.0683954279392,1492.86767578125,622.6231689453125,373.98486328125,246.3118896484375,1.5183386551702434,0.9059049487113953,-1.4480190932747812,0.78130709304088,1.6453571247982335,car,0
50,RECORD@2020-11-21_13.44.44,0,2,8.898897171020508,-0.15294109284877777,-0.19999997317790985,-1.529411792755127,86664420524032.0,8.891874313354492,-0.028863167390227318,-0.23622916638851166,951.3304531542414,815.0683954279392,1170.3815307617188,560.2135620117188,121.6959228515625,100.1253662109375,1.2154354831040675,0.7877405285835266,-1.7999869878521975,2.545357316140139,3.1174985201705163,car,0
50,RECORD@2020-11-21_13.44.44,0,3,8.898897171020508,-0.15294109284877777,-0.19999997317790985,-1.529411792755127,86664420524032.0,8.891874313354492,-0.028863167390227318,-0.23622916638851166,951.3304531542414,815.0683954279392,287.6704559326172,567.3739624023438,142.97360229492188,95.6861572265625,1.4941931669007642,0.6974576711654663,4.6418358813723195,2.5886130262197993,5.3148431537638405,car,0
50,RECORD@2020-11-21_13.44.44,0,4,8.898897171020508,-0.15294109284877777,-0.19999997317790985,-1.529411792755127,86664420524032.0,8.891874313354492,-0.028863167390227318,-0.23622916638851166,951.3304531542414,815.0683954279392,833.3795166015625,529.4672698974609,57.2735595703125,50.456085205078125,1.1351169901018843,0.6675074100494385,2.059430868931328,5.660390106954515,6.023393700134152,car,0
50,RECORD@2020-11-21_13.44.44,0,5,8.898897171020508,-0.15294109284877777,-0.19999997317790985,-1.529411792755127,86664420524032.0,8.891874313354492,-0.028863167390227318,-0.23622916638851166,951.3304531542414,815.0683954279392,692.2799072265625,534.6715393066406,66.366943359375,41.63909912109375,1.593861172797432,0.627509355545044,3.9033068695800552,6.733979890051312,7.783462576368331,car,0
50,RECORD@2020-11-21_13.44.44,0,6,8.898897171020508,-0.15294109284877777,-0.19999997317790985,-1.529411792755127,86664420524032.0,8.891874313354492,-0.028863167390227318,-0.23622916638851166,951.3304531542414,815.0683954279392,547.3104858398438,326.5922546386719,36.56689453125,77.18719482421875,0.47374301675977654,0.5592297315597534,11.048790784492867,6.328460852887479,12.73283921857273,traffic light,0
51,RECORD@2020-11-21_13.44.44,0,0,8.918620109558105,-4.255555629730225,-1.9444444179534912,-0.9444444179534912,222978109341696.0,8.91218090057373,-0.30228281021118164,-0.14726413786411285,1000.1586737863465,799.1646629514323,1487.1947021484375,622.0836181640625,368.07861328125,241.58203125,1.5236175115207373,0.9077035784721375,-1.3231848056054951,0.7330058608709948,1.5126518508422484,car,0
51,RECORD@2020-11-21_13.44.44,0,1,8.918620109558105,-4.255555629730225,-1.9444444179534912,-0.9444444179534912,222978109341696.0,8.91218090057373,-0.30228281021118164,-0.14726413786411285,1000.1586737863465,799.1646629514323,1003.4633178710938,628.5008087158203,315.2366943359375,270.2321472167969,1.1665403157346605,0.8835973143577576,-0.010483056522682516,0.6315453434882969,0.6316323419172016,car,0
51,RECORD@2020-11-21_13.44.44,0,2,8.918620109558105,-4.255555629730225,-1.9444444179534912,-0.9444444179534912,222978109341696.0,8.91218090057373,-0.30228281021118164,-0.14726413786411285,1000.1586737863465,799.1646629514323,1170.5545654296875,556.6504974365234,105.5068359375,95.75894165039062,1.101796178185618,0.8150944113731384,-1.6150222886437413,2.5325485154202267,3.003680904452612,car,0
51,RECORD@2020-11-21_13.44.44,0,3,8.918620109558105,-4.255555629730225,-1.9444444179534912,-0.9444444179534912,222978109341696.0,8.91218090057373,-0.30228281021118164,-0.14726413786411285,1000.1586737863465,799.1646629514323,834.4743957519531,523.9472808837891,66.10382080078125,56.332855224609375,1.1734505651668685,0.626021146774292,2.5064251359043266,4.885557122398667,5.490977632272177,car,0
51,RECORD@2020-11-21_13.44.44,0,4,8.918620109558105,-4.255555629730225,-1.9444444179534912,-0.9444444179534912,222978109341696.0,8.91218090057373,-0.30228281021118164,-0.14726413786411285,1000.1586737863465,799.1646629514323,678.1388854980469,534.0903930664062,71.44757080078125,46.8741455078125,1.524242629422932,0.5929788947105408,4.507078192849889,5.655020843864689,7.231390916069129,car,0
51,RECORD@2020-11-21_13.44.44,0,5,8.918620109558105,-4.255555629730225,-1.9444444179534912,-0.9444444179534912,222978109341696.0,8.91218090057373,-0.30228281021118164,-0.14726413786411285,1000.1586737863465,799.1646629514323,227.0294952392578,569.0724487304688,156.48019409179688,103.55126953125,1.5111373795815592,0.5811883211135864,4.940747824568414,2.2220124896829554,5.417409765772252,car,0
51,RECORD@2020-11-21_13.44.44,0,6,8.918620109558105,-4.255555629730225,-1.9444444179534912,-0.9444444179534912,222978109341696.0,8.91218090057373,-0.30228281021118164,-0.14726413786411285,1000.1586737863465,799.1646629514323,530.6134490966797,316.19105529785156,37.637115478515625,79.26333618164062,0.47483637822493424,0.41705840826034546,12.475590084944132,6.093278821204217,13.884105832227448,traffic light,0
52,RECORD@2020-11-21_13.44.44,0,0,8.942090034484863,-2.56499981880188,-2.5999996662139893,-1.0,166016927662080.0,8.931524276733398,-0.4055781364440918,-0.15606097877025604,1018.4526253408833,800.1251356707182,1482.51904296875,622.1960754394531,364.70654296875,242.46759033203125,1.5041455333033444,0.9233642220497131,-1.2724378725161243,0.7338261579108857,1.4688767713622584,car,0
52,RECORD@2020-11-21_13.44.44,0,1,8.942090034484863,-2.56499981880188,-2.5999996662139893,-1.0,166016927662080.0,8.931524276733398,-0.4055781364440918,-0.15606097877025604,1018.4526253408833,800.1251356707182,1004.025146484375,632.4969024658203,313.787841796875,270.6745300292969,1.1592810072041566,0.8788626790046692,0.04597845083445795,0.6192981407846332,0.6210025806069086,car,1
52,RECORD@2020-11-21_13.44.44,0,2,8.942090034484863,-2.56499981880188,-2.5999996662139893,-1.0,166016927662080.0,8.931524276733398,-0.4055781364440918,-0.15606097877025604,1018.4526253408833,800.1251356707182,139.04715728759766,578.5659484863281,185.2061004638672,115.61224365234375,1.601959226920622,0.7813527584075928,4.74825324787211,1.9163989918804638,5.1203997892751,car,0
52,RECORD@2020-11-21_13.44.44,0,3,8.942090034484863,-2.56499981880188,-2.5999996662139893,-1.0,166016927662080.0,8.931524276733398,-0.4055781364440918,-0.15606097877025604,1018.4526253408833,800.1251356707182,1170.3721313476562,563.1925964355469,104.7694091796875,100.93670654296875,1.0379713462821096,0.7637208104133606,-1.4500368685502412,2.3473377262840374,2.7590942936752456,car,0
52,RECORD@2020-11-21_13.44.44,0,4,8.942090034484863,-2.56499981880188,-2.5999996662139893,-1.0,166016927662080.0,8.931524276733398,-0.4055781364440918,-0.15606097877025604,1018.4526253408833,800.1251356707182,830.0315551757812,529.0981750488281,74.2752685546875,52.45147705078125,1.4160758234277635,0.6922322511672974,2.5367941958549918,5.16719405936831,5.756319938927537,car,0
52,RECORD@2020-11-21_13.44.44,0,5,8.942090034484863,-2.56499981880188,-2.5999996662139893,-1.0,166016927662080.0,8.931524276733398,-0.4055781364440918,-0.15606097877025604,1018.4526253408833,800.1251356707182,655.9947204589844,537.0080413818359,69.56451416015625,51.281890869140625,1.3565122693636356,0.6897370219230652,5.210385054187587,5.130799388039249,7.312538189521154,car,0
52,RECORD@2020-11-21_13.44.44,0,6,8.942090034484863,-2.56499981880188,-2.5999996662139893,-1.0,166016927662080.0,8.931524276733398,-0.4055781364440918,-0.15606097877025604,1018.4526253408833,800.1251356707182,712.4949340820312,573.121826171875,42.2515869140625,97.3095703125,0.43419765166340507,0.6622308492660522,7.241330174915178,2.332795312627984,7.607811556075517,person,0
52,RECORD@2020-11-21_13.44.44,0,7,8.942090034484863,-2.56499981880188,-2.5999996662139893,-1.0,166016927662080.0,8.931524276733398,-0.4055781364440918,-0.15606097877025604,1018.4526253408833,800.1251356707182,508.3522186279297,310.14268493652344,39.491973876953125,74.92031860351562,0.5271196734486386,0.6147248148918152,12.916558901368056,6.540047611479357,14.477904427538096,traffic light,0
52,RECORD@2020-11-21_13.44.44,0,8,8.942090034484863,-2.56499981880188,-2.5999996662139893,-1.0,166016927662080.0,8.931524276733398,-0.4055781364440918,-0.15606097877025604,1018.4526253408833,800.1251356707182,1516.8270263671875,371.8204650878906,23.019287109375,47.8560791015625,0.48101072092685127,0.5800682306289673,-21.65029692962701,8.949848767882939,23.427230952654064,traffic light,0
52,RECORD@2020-11-21_13.44.44,0,9,8.942090034484863,-2.56499981880188,-2.5999996662139893,-1.0,166016927662080.0,8.931524276733398,-0.4055781364440918,-0.15606097877025604,1018.4526253408833,800.1251356707182,746.0627136230469,536.2868957519531,78.45953369140625,47.70428466796875,1.6447062195251456,0.41934800148010254,3.4717248357502224,5.530703201088359,6.530049864564123,car,0
53,RECORD@2020-11-21_13.44.44,0,0,8.992383003234863,0.49500006437301636,-1.7400000095367432,-1.2999999523162842,173970905104384.0,8.985639572143555,-0.2731168568134308,-0.20326893031597137,994.5629247449982,806.7831549697753,1481.5861206054688,623.7463989257812,362.5447998046875,238.3143310546875,1.521288284259716,0.9098783731460571,-1.3433462460993588,0.7680476253104201,1.5474095423171639,car,0
53,RECORD@2020-11-21_13.44.44,0,1,8.992383003234863,0.49500006437301636,-1.7400000095367432,-1.2999999523162842,173970905104384.0,8.985639572143555,-0.2731168568134308,-0.20326893031597137,994.5629247449982,806.7831549697753,1004.4548645019531,633.7268371582031,313.45819091796875,269.38568115234375,1.163603757917263,0.8761293888092041,-0.03155744543789449,0.6424109740031241,0.6431856123097035,car,0
53,RECORD@2020-11-21_13.44.44,0,2,8.992383003234863,0.49500006437301636,-1.7400000095367432,-1.2999999523162842,173970905104384.0,8.985639572143555,-0.2731168568134308,-0.20326893031597137,994.5629247449982,806.7831549697753,829.5708618164062,531.2433471679688,81.7943115234375,57.8734130859375,1.4133313928103624,0.7546255588531494,2.017158159969533,4.761077550284644,5.170762659623443,car,0
53,RECORD@2020-11-21_13.44.44,0,3,8.992383003234863,0.49500006437301636,-1.7400000095367432,-1.2999999523162842,173970905104384.0,8.985639572143555,-0.2731168568134308,-0.20326893031597137,994.5629247449982,806.7831549697753,632.7231140136719,539.6969299316406,72.70916748046875,50.91595458984375,1.4280232604137821,0.7425543665885925,4.976536292050439,5.245629335434488,7.230666676791706,car,0
53,RECORD@2020-11-21_13.44.44,0,4,8.992383003234863,0.49500006437301636,-1.7400000095367432,-1.2999999523162842,173970905104384.0,8.985639572143555,-0.2731168568134308,-0.20326893031597137,994.5629247449982,806.7831549697753,1164.7166748046875,562.1283569335938,95.048583984375,98.0357666015625,0.9695296653380799,0.7122732996940613,-1.7901765910332845,2.4955667356640245,3.0712514646697926,car,0
53,RECORD@2020-11-21_13.44.44,0,5,8.992383003234863,0.49500006437301636,-1.7400000095367432,-1.2999999523162842,173970905104384.0,8.985639572143555,-0.2731168568134308,-0.20326893031597137,994.5629247449982,806.7831549697753,68.70793342590332,581.5511169433594,136.81402206420898,122.18023681640625,1.1197721139613779,0.6555072069168091,6.7672521964494,1.843440837038646,7.0138417725245965,car,0
53,RECORD@2020-11-21_13.44.44,0,6,8.992383003234863,0.49500006437301636,-1.7400000095367432,-1.2999999523162842,173970905104384.0,8.985639572143555,-0.2731168568134308,-0.20326893031597137,994.5629247449982,806.7831549697753,694.3057861328125,573.4043884277344,50.38623046875,104.21832275390625,0.4834680614437489,0.5549079775810242,5.959110967795218,2.2393256806974815,6.365970706084697,person,0
53,RECORD@2020-11-21_13.44.44,0,7,8.992383003234863,0.49500006437301636,-1.7400000095367432,-1.2999999523162842,173970905104384.0,8.985639572143555,-0.2731168568134308,-0.20326893031597137,994.5629247449982,806.7831549697753,744.658935546875,535.2549133300781,88.0439453125,46.63128662109375,1.8880874128116627,0.5433080196380615,2.838400622679084,5.822876899066106,6.477840186088471,car,0
53,RECORD@2020-11-21_13.44.44,0,8,8.992383003234863,0.49500006437301636,-1.7400000095367432,-1.2999999523162842,173970905104384.0,8.985639572143555,-0.2731168568134308,-0.20326893031597137,994.5629247449982,806.7831549697753,1708.2744140625,442.62213134765625,26.788330078125,47.95001220703125,0.5586720179019441,0.4742856025695801,-26.64262711546582,7.594597099366735,27.70392543874359,traffic light,0
54,RECORD@2020-11-21_13.44.44,0,0,9.00802993774414,-1.033333420753479,-1.6111109256744385,-2.944444417953491,117515078336512.0,8.992277145385742,-0.25367704033851624,-0.46247971057891846,990.9285240644648,850.6149425686236,1483.7001342773438,619.4531097412109,363.5452880859375,251.66909790039062,1.4445368585928928,0.9217559695243835,-1.355461413919891,0.9185149657066971,1.637359272381259,car,0
54,RECORD@2020-11-21_13.44.44,0,1,9.00802993774414,-1.033333420753479,-1.6111109256744385,-2.944444417953491,117515078336512.0,8.992277145385742,-0.25367704033851624,-0.46247971057891846,990.9285240644648,850.6149425686236,1004.7281188964844,635.8758392333984,308.45904541015625,271.6719055175781,1.13541017361546,0.9176068902015686,-0.044737202676842676,0.7904354442764816,0.7917004540051166,car,0
54,RECORD@2020-11-21_13.44.44,0,2,9.00802993774414,-1.033333420753479,-1.6111109256744385,-2.944444417953491,117515078336512.0,8.992277145385742,-0.25367704033851624,-0.46247971057891846,990.9285240644648,850.6149425686236,1160.9808959960938,567.6961669921875,93.1539306640625,105.560302734375,0.8824712344608269,0.7473217248916626,-1.8254986206098205,2.6801626013554958,3.2427945947211976,car,0
54,RECORD@2020-11-21_13.44.44,0,3,9.00802993774414,-1.033333420753479,-1.6111109256744385,-2.944444417953491,117515078336512.0,8.992277145385742,-0.25367704033851624,-0.46247971057891846,990.9285240644648,850.6149425686236,612.84521484375,542.4779357910156,78.9173583984375,52.80755615234375,1.494433072622599,0.7406964898109436,4.790876391374506,5.835093104643359,7.549887955280269,car,0
54,RECORD@2020-11-21_13.44.44,0,4,9.00802993774414,-1.033333420753479,-1.6111109256744385,-2.944444417953491,117515078336512.0,8.992277145385742,-0.25367704033851624,-0.46247971057891846,990.9285240644648,850.6149425686236,824.7061767578125,532.5491485595703,83.599365234375,59.891937255859375,1.3958367196779273,0.6425372362136841,1.9883206868932513,5.3106613107248615,5.670673920369391,car,0
54,RECORD@2020-11-21_13.44.44,0,5,9.00802993774414,-1.033333420753479,-1.6111109256744385,-2.944444417953491,117515078336512.0,8.992277145385742,-0.25367704033851624,-0.46247971057891846,990.9285240644648,850.6149425686236,673.1034545898438,584.7637023925781,52.968017578125,103.16949462890625,0.5134077448828009,0.5668849945068359,6.000320268846121,2.5768396087651158,6.53023320395423,person,0
54,RECORD@2020-11-21_13.44.44,0,6,9.00802993774414,-1.033333420753479,-1.6111109256744385,-2.944444417953491,117515078336512.0,8.992277145385742,-0.25367704033851624,-0.46247971057891846,990.9285240644648,850.6149425686236,729.443359375,537.7242736816406,92.6861572265625,50.76324462890625,1.8258517142496438,0.5558708310127258,2.8211889726994417,6.163724781075417,6.778687955388132,car,0
55,RECORD@2020-11-21_13.44.44,0,0,9.079557418823242,-0.34666678309440613,-1.8533331155776978,-1.7333333492279053,95347477053440.0,9.07018756866455,-0.2941274642944336,-0.2742856442928314,997.8086219268355,816.5011265997321,1486.5633544921875,626.1932830810547,366.48486328125,247.92874145507812,1.4781862769535048,0.8937318325042725,-1.3336287021226,0.7675908908413468,1.5387531611105867,car,0
55,RECORD@2020-11-21_13.44.44,0,1,9.079557418823242,-0.34666678309440613,-1.8533331155776978,-1.7333333492279053,95347477053440.0,9.07018756866455,-0.2941274642944336,-0.2742856442928314,997.8086219268355,816.5011265997321,1004.448486328125,638.3036499023438,310.10009765625,269.280029296875,1.151589661015566,0.8678860068321228,-0.02141200358037259,0.6617552633319485,0.6621015801558415,car,0
55,RECORD@2020-11-21_13.44.44,0,2,9.079557418823242,-0.34666678309440613,-1.8533331155776978,-1.7333333492279053,95347477053440.0,9.07018756866455,-0.2941274642944336,-0.2742856442928314,997.8086219268355,816.5011265997321,591.1319274902344,546.4866638183594,85.91180419921875,58.29071044921875,1.4738506965713298,0.8056716918945312,4.733653288127538,4.632204011591209,6.623049709703404,car,0
55,RECORD@2020-11-21_13.44.44,0,3,9.079557418823242,-0.34666678309440613,-1.8533331155776978,-1.7333333492279053,95347477053440.0,9.07018756866455,-0.2941274642944336,-0.2742856442928314,997.8086219268355,816.5011265997321,1159.582275390625,567.1902160644531,89.880859375,95.05426025390625,0.9455742344942014,0.702613890171051,-1.7998676758178194,2.622827318516042,3.1809977669290954,car,0
55,RECORD@2020-11-21_13.44.44,0,4,9.079557418823242,-0.34666678309440613,-1.8533331155776978,-1.7333333492279053,95347477053440.0,9.07018756866455,-0.2941274642944336,-0.2742856442928314,997.8086219268355,816.5011265997321,820.8659057617188,533.1437683105469,83.8359375,59.31854248046875,1.4133175562700964,0.6498332023620605,2.110583139421763,4.776876612949207,5.222366452457402,car,0
55,RECORD@2020-11-21_13.44.44,0,5,9.079557418823242,-0.34666678309440613,-1.8533331155776978,-1.7333333492279053,95347477053440.0,9.07018756866455,-0.2941274642944336,-0.2742856442928314,997.8086219268355,816.5011265997321,655.0046691894531,590.3076477050781,60.06353759765625,115.81658935546875,0.5186091036864064,0.6150716543197632,5.707355351489636,1.9530317733706712,6.03226642448531,person,0
55,RECORD@2020-11-21_13.44.44,0,6,9.079557418823242,-0.34666678309440613,-1.8533331155776978,-1.7333333492279053,95347477053440.0,9.07018756866455,-0.2941274642944336,-0.2742856442928314,997.8086219268355,816.5011265997321,722.1205139160156,541.0752258300781,89.38494873046875,52.51507568359375,1.7020816892470656,0.5719339847564697,3.0842788626766393,5.244701586818808,6.084379248332045,car,0
55,RECORD@2020-11-21_13.44.44,1,0,10.300000190734863,-5.800000190734863,-19.560001373291016,1.399999976158142,51654854443008.0,9.701704025268555,-3.447019100189209,0.2527427077293396,1481.755743134805,709.0751432596796,1486.5633544921875,626.1932830810547,366.48486328125,247.92874145507812,1.4781862769535048,0.8937318325042725,-0.013118171687470209,0.3342971036443639,0.33455439009738386,car,0
55,RECORD@2020-11-21_13.44.44,1,1,10.300000190734863,-5.800000190734863,-19.560001373291016,1.399999976158142,51654854443008.0,9.701704025268555,-3.447019100189209,0.2527427077293396,1481.755743134805,709.0751432596796,1004.448486328125,638.3036499023438,310.10009765625,269.280029296875,1.151589661015566,0.8678860068321228,1.5392038261651286,0.2628174601069727,1.5614805268777614,car,0
55,RECORD@2020-11-21_13.44.44,1,2,10.300000190734863,-5.800000190734863,-19.560001373291016,1.399999976158142,51654854443008.0,9.701704025268555,-3.447019100189209,0.2527427077293396,1481.755743134805,709.0751432596796,591.1319274902344,546.4866638183594,85.91180419921875,58.29071044921875,1.4738506965713298,0.8056716918945312,10.366722290912728,2.789269133766397,10.735406529679665,car,0
55,RECORD@2020-11-21_13.44.44,1,3,10.300000190734863,-5.800000190734863,-19.560001373291016,1.399999976158142,51654854443008.0,9.701704025268555,-3.447019100189209,0.2527427077293396,1481.755743134805,709.0751432596796,1159.582275390625,567.1902160644531,89.880859375,95.05426025390625,0.9455742344942014,0.702613890171051,3.5844502376196825,1.4926729934694931,3.8828283726434494,car,0
55,RECORD@2020-11-21_13.44.44,1,4,10.300000190734863,-5.800000190734863,-19.560001373291016,1.399999976158142,51654854443008.0,9.701704025268555,-3.447019100189209,0.2527427077293396,1481.755743134805,709.0751432596796,820.8659057617188,533.1437683105469,83.8359375,59.31854248046875,1.4133175562700964,0.6498332023620605,7.883132903154882,2.9658748781135342,8.422600439379046,car,0
55,RECORD@2020-11-21_13.44.44,1,5,10.300000190734863,-5.800000190734863,-19.560001373291016,1.399999976158142,51654854443008.0,9.701704025268555,-3.447019100189209,0.2527427077293396,1481.755743134805,709.0751432596796,655.0046691894531,590.3076477050781,60.06353759765625,115.81658935546875,0.5186091036864064,0.6150716543197632,13.764608396585896,1.0254791322690027,13.802755223580622,person,0
55,RECORD@2020-11-21_13.44.44,1,6,10.300000190734863,-5.800000190734863,-19.560001373291016,1.399999976158142,51654854443008.0,9.701704025268555,-3.447019100189209,0.2527427077293396,1481.755743134805,709.0751432596796,722.1205139160156,541.0752258300781,89.38494873046875,52.51507568359375,1.7020816892470656,0.5719339847564697,8.498469149536488,3.1990797926639267,9.080643666913382,car,0
56,RECORD@2020-11-21_13.44.44,0,0,9.034445762634277,1.8818180561065674,-1.6181819438934326,-1.0,195853562150912.0,9.029465675354004,-0.25502535700798035,-0.15767282247543335,991.1655787262736,797.8459215579721,1494.514404296875,633.1903228759766,374.374267578125,250.65524291992188,1.4935824330541863,0.8982185125350952,-1.344507005854941,0.6569006766580938,1.496401546305964,car,0
56,RECORD@2020-11-21_13.44.44,0,1,9.034445762634277,1.8818180561065674,-1.6181819438934326,-1.0,195853562150912.0,9.029465675354004,-0.25502535700798035,-0.15767282247543335,991.1655787262736,797.8459215579721,1004.9465026855469,639.3873443603516,308.59014892578125,270.8832702636719,1.1391997321407348,0.8885042071342468,-0.0446576924352428,0.584969965267255,0.5866721143521433,car,0
56,RECORD@2020-11-21_13.44.44,0,2,9.034445762634277,1.8818180561065674,-1.6181819438934326,-1.0,195853562150912.0,9.029465675354004,-0.25502535700798035,-0.15767282247543335,991.1655787262736,797.8459215579721,1155.4931030273438,562.4390869140625,85.6834716796875,87.8876953125,0.9749199973332444,0.7792627215385437,-1.9178439094459145,2.678495935146321,3.2943080814632615,car,0
56,RECORD@2020-11-21_13.44.44,0,3,9.034445762634277,1.8818180561065674,-1.6181819438934326,-1.0,195853562150912.0,9.029465675354004,-0.25502535700798035,-0.15767282247543335,991.1655787262736,797.8459215579721,618.2536315917969,601.7512512207031,71.61175537109375,119.15997314453125,0.6009715635319469,0.6736132502555847,5.207412459058411,1.6456421159093608,5.461252831760438,person,0
56,RECORD@2020-11-21_13.44.44,0,4,9.034445762634277,1.8818180561065674,-1.6181819438934326,-1.0,195853562150912.0,9.029465675354004,-0.25502535700798035,-0.15767282247543335,991.1655787262736,797.8459215579721,821.7949829101562,535.2872314453125,95.527587890625,60.9708251953125,1.5667753812518395,0.6349446177482605,1.7730019102967345,4.306300419447913,4.657011818371641,car,0
56,RECORD@2020-11-21_13.44.44,0,5,9.034445762634277,1.8818180561065674,-1.6181819438934326,-1.0,195853562150912.0,9.029465675354004,-0.25502535700798035,-0.15767282247543335,991.1655787262736,797.8459215579721,566.10986328125,551.4430541992188,102.14453125,63.774169921875,1.6016599098840436,0.6107826232910156,4.16131642334032,3.863678157796538,5.678429649312909,car,0
56,RECORD@2020-11-21_13.44.44,0,6,9.034445762634277,1.8818180561065674,-1.6181819438934326,-1.0,195853562150912.0,9.029465675354004,-0.25502535700798035,-0.15767282247543335,991.1655787262736,797.8459215579721,716.1802673339844,543.8597717285156,89.96356201171875,53.36297607421875,1.6858797733956004,0.6090317368507385,3.056629875954326,4.759594919822413,5.656565212156214,car,0
56,RECORD@2020-11-21_13.44.44,1,0,10.08094596862793,1.6666665077209473,-19.355552673339844,0.0,130431638831104.0,9.511194229125977,-3.3409829139709473,0.0,1473.8579037067166,751.3630877587052,1494.514404296875,633.1903228759766,374.374267578125,250.65524291992188,1.4935824330541863,0.8982185125350952,-0.05517606945527526,0.4714553883099182,0.47467313154105223,car,0
56,RECORD@2020-11-21_13.44.44,1,1,10.08094596862793,1.6666665077209473,-19.355552673339844,0.0,130431638831104.0,9.511194229125977,-3.3409829139709473,0.0,1473.8579037067166,751.3630877587052,1004.9465026855469,639.3873443603516,308.59014892578125,270.8832702636719,1.1391997321407348,0.8885042071342468,1.519528094637743,0.4133726800084734,1.5747516004026785,car,0
56,RECORD@2020-11-21_13.44.44,1,2,10.08094596862793,1.6666665077209473,-19.355552673339844,0.0,130431638831104.0,9.511194229125977,-3.3409829139709473,0.0,1473.8579037067166,751.3630877587052,1155.4931030273438,562.4390869140625,85.6834716796875,87.8876953125,0.9749199973332444,0.7792627215385437,3.7155917522754365,2.1496069520641146,4.292602021844049,car,0
56,RECORD@2020-11-21_13.44.44,1,3,10.08094596862793,1.6666665077209473,-19.355552673339844,0.0,130431638831104.0,9.511194229125977,-3.3409829139709473,0.0,1473.8579037067166,751.3630877587052,618.2536315917969,601.7512512207031,71.61175537109375,119.15997314453125,0.6009715635319469,0.6736132502555847,11.947818730055685,1.2555544667380483,12.013608509736585,person,0
56,RECORD@2020-11-21_13.44.44,1,4,10.08094596862793,1.6666665077209473,-19.355552673339844,0.0,130431638831104.0,9.511194229125977,-3.3409829139709473,0.0,1473.8579037067166,751.3630877587052,821.7949829101562,535.2872314453125,95.527587890625,60.9708251953125,1.5667753812518395,0.6349446177482605,6.825912128579489,3.543922123757066,7.691063671973036,car,0
56,RECORD@2020-11-21_13.44.44,1,5,10.08094596862793,1.6666665077209473,-19.355552673339844,0.0,130431638831104.0,9.511194229125977,-3.3409829139709473,0.0,1473.8579037067166,751.3630877587052,566.10986328125,551.4430541992188,102.14453125,63.774169921875,1.6016599098840436,0.6107826232910156,8.886898097400262,3.1348120062463165,9.423587645269846,car,0
56,RECORD@2020-11-21_13.44.44,1,6,10.08094596862793,1.6666665077209473,-19.355552673339844,0.0,130431638831104.0,9.511194229125977,-3.3409829139709473,0.0,1473.8579037067166,751.3630877587052,716.1802673339844,543.8597717285156,89.96356201171875,53.36297607421875,1.6858797733956004,0.6090317368507385,8.422050210440048,3.8885259274443023,9.27639820380625,car,0
57,RECORD@2020-11-21_13.44.44,0,0,9.10302734375,-2.5812501907348633,-1.0125000476837158,-1.0,135997186637824.0,9.10019302368164,-0.1609950065612793,-0.15886974334716797,974.3382800708026,796.2109201690582,1504.3666381835938,630.3143768310547,384.0054931640625,259.2419738769531,1.4812628040948619,0.8870941400527954,-1.3802624377728414,0.6399293326502168,1.5213921085350675,car,0
57,RECORD@2020-11-21_13.44.44,0,1,9.10302734375,-2.5812501907348633,-1.0125000476837158,-1.0,135997186637824.0,9.10019302368164,-0.1609950065612793,-0.15886974334716797,974.3382800708026,796.2109201690582,1005.0911560058594,636.2206420898438,308.67071533203125,269.6806640625,1.1445785941126838,0.8850492238998413,-0.0996300407117548,0.593258247251037,0.6015658675021369,car,0
57,RECORD@2020-11-21_13.44.44,0,2,9.10302734375,-2.5812501907348633,-1.0125000476837158,-1.0,135997186637824.0,9.10019302368164,-0.1609950065612793,-0.15886974334716797,974.3382800708026,796.2109201690582,1150.6207275390625,556.2008972167969,85.352783203125,82.59136962890625,1.033434650455927,0.7668479681015015,-2.0653391823057237,2.9059939801296135,3.5651685725245628,car,0
57,RECORD@2020-11-21_13.44.44,0,3,9.10302734375,-2.5812501907348633,-1.0125000476837158,-1.0,135997186637824.0,9.10019302368164,-0.1609950065612793,-0.15886974334716797,974.3382800708026,796.2109201690582,527.4912261962891,550.1205139160156,102.60055541992188,67.18743896484375,1.5270794214020906,0.7553052306175232,4.355210866507157,3.662744257625461,5.690655251243947,car,0
57,RECORD@2020-11-21_13.44.44,0,4,9.10302734375,-2.5812501907348633,-1.0125000476837158,-1.0,135997186637824.0,9.10019302368164,-0.1609950065612793,-0.15886974334716797,974.3382800708026,796.2109201690582,702.0513610839844,539.4294281005859,91.05303955078125,56.522003173828125,1.6109308665292021,0.6983923316001892,2.9904209714488545,4.543035944404958,5.4389147059534375,car,0
57,RECORD@2020-11-21_13.44.44,0,5,9.10302734375,-2.5812501907348633,-1.0125000476837158,-1.0,135997186637824.0,9.10019302368164,-0.1609950065612793,-0.15886974334716797,974.3382800708026,796.2109201690582,815.6145324707031,532.5879516601562,99.14923095703125,60.30419921875,1.644151356647207,0.6903318166732788,1.6008570723951083,4.3715524279267,4.6554499241587015,car,0
57,RECORD@2020-11-21_13.44.44,0,6,9.10302734375,-2.5812501907348633,-1.0125000476837158,-1.0,135997186637824.0,9.10019302368164,-0.1609950065612793,-0.15886974334716797,974.3382800708026,796.2109201690582,586.0199890136719,613.7960205078125,75.37701416015625,159.249267578125,0.4733272265957365,0.6884881258010864,5.151680460996464,1.1454677464796255,5.277490685016682,person,0
57,RECORD@2020-11-21_13.44.44,0,7,9.10302734375,-2.5812501907348633,-1.0125000476837158,-1.0,135997186637824.0,9.10019302368164,-0.1609950065612793,-0.15886974334716797,974.3382800708026,796.2109201690582,363.8454895019531,246.1925277709961,47.6103515625,107.72358703613281,0.4419677516543379,0.49181511998176575,12.82269024557467,5.1058306498239245,13.801843781127113,traffic light,0
57,RECORD@2020-11-21_13.44.44,0,8,9.10302734375,-2.5812501907348633,-1.0125000476837158,-1.0,135997186637824.0,9.10019302368164,-0.1609950065612793,-0.15886974334716797,974.3382800708026,796.2109201690582,805.547119140625,537.7976379394531,78.02197265625,52.10052490234375,1.4975275739062692,0.4311103820800781,2.163379817039995,4.95989786502094,5.411173538541828,car,0
57,RECORD@2020-11-21_13.44.44,1,0,9.90771484375,0.6999998092651367,-20.5,-0.25,71474882805760.0,9.273759841918945,-3.470309257507324,-0.043886665254831314,1508.7095109062006,763.8006735387966,1504.3666381835938,630.3143768310547,384.0054931640625,259.2419738769531,1.4812628040948619,0.8870941400527954,0.011309402599486902,0.5149100460525731,0.5150342300401209,car,0
57,RECORD@2020-11-21_13.44.44,1,1,9.90771484375,0.6999998092651367,-20.5,-0.25,71474882805760.0,9.273759841918945,-3.470309257507324,-0.043886665254831314,1508.7095109062006,763.8006735387966,1005.0911560058594,636.2206420898438,308.67071533203125,269.6806640625,1.1445785941126838,0.8850492238998413,1.6315715417272691,0.47307815668751624,1.6987726858261984,car,0
57,RECORD@2020-11-21_13.44.44,1,2,9.90771484375,0.6999998092651367,-20.5,-0.25,71474882805760.0,9.273759841918945,-3.470309257507324,-0.043886665254831314,1508.7095109062006,763.8006735387966,1150.6207275390625,556.2008972167969,85.352783203125,82.59136962890625,1.033434650455927,0.7668479681015015,4.195396681030871,2.5135771116857906,4.890748736910897,car,0
57,RECORD@2020-11-21_13.44.44,1,3,9.90771484375,0.6999998092651367,-20.5,-0.25,71474882805760.0,9.273759841918945,-3.470309257507324,-0.043886665254831314,1508.7095109062006,763.8006735387966,527.4912261962891,550.1205139160156,102.60055541992188,67.18743896484375,1.5270794214020906,0.7553052306175232,9.563479268645256,3.1803587532870603,10.078433287045026,car,0
57,RECORD@2020-11-21_13.44.44,1,4,9.90771484375,0.6999998092651367,-20.5,-0.25,71474882805760.0,9.273759841918945,-3.470309257507324,-0.043886665254831314,1508.7095109062006,763.8006735387966,702.0513610839844,539.4294281005859,91.05303955078125,56.522003173828125,1.6109308665292021,0.6983923316001892,8.859211661707729,3.9696265673418876,9.707912564042012,car,0
57,RECORD@2020-11-21_13.44.44,1,5,9.90771484375,0.6999998092651367,-20.5,-0.25,71474882805760.0,9.273759841918945,-3.470309257507324,-0.043886665254831314,1508.7095109062006,763.8006735387966,815.6145324707031,532.5879516601562,99.14923095703125,60.30419921875,1.644151356647207,0.6903318166732788,6.990422131825381,3.8341064946394448,7.9728523248176675,car,0
57,RECORD@2020-11-21_13.44.44,1,6,9.90771484375,0.6999998092651367,-20.5,-0.25,71474882805760.0,9.273759841918945,-3.470309257507324,-0.043886665254831314,1508.7095109062006,763.8006735387966,586.0199890136719,613.7960205078125,75.37701416015625,159.249267578125,0.4733272265957365,0.6884881258010864,12.240993254681822,0.9419487782409693,12.277181409509087,person,0
57,RECORD@2020-11-21_13.44.44,1,7,9.90771484375,0.6999998092651367,-20.5,-0.25,71474882805760.0,9.273759841918945,-3.470309257507324,-0.043886665254831314,1508.7095109062006,763.8006735387966,363.8454895019531,246.1925277709961,47.6103515625,107.72358703613281,0.4419677516543379,0.49181511998176575,24.04653576021885,4.8049657462128845,24.521899964924476,traffic light,0
57,RECORD@2020-11-21_13.44.44,1,8,9.90771484375,0.6999998092651367,-20.5,-0.25,71474882805760.0,9.273759841918945,-3.470309257507324,-0.043886665254831314,1508.7095109062006,763.8006735387966,805.547119140625,537.7976379394531,78.02197265625,52.10052490234375,1.4975275739062692,0.4311103820800781,9.01236366918811,4.337826461882281,10.001971671580955,car,0
58,RECORD@2020-11-21_13.44.44,0,0,8.985676765441895,5.238888740539551,-0.5111110806465149,-0.9444444179534912,121482411769856.0,8.98348617553711,-0.07902384549379349,-0.14784930646419525,960.1481438551133,797.3972817917602,1004.2371520996094,634.4178771972656,306.54449462890625,267.98858642578125,1.1438714563084684,0.9101240634918213,-0.14382580348692592,0.6081580069068773,0.6249336149653059,car,0
58,RECORD@2020-11-21_13.44.44,0,1,8.985676765441895,5.238888740539551,-0.5111110806465149,-0.9444444179534912,121482411769856.0,8.98348617553711,-0.07902384549379349,-0.14784930646419525,960.1481438551133,797.3972817917602,1519.03173828125,630.624755859375,394.579833984375,257.861572265625,1.5302002175722236,0.8900578022003174,-1.416401818569035,0.646752148709431,1.5570749672080453,car,0
58,RECORD@2020-11-21_13.44.44,0,2,8.985676765441895,5.238888740539551,-0.5111110806465149,-0.9444444179534912,121482411769856.0,8.98348617553711,-0.07902384549379349,-0.14784930646419525,960.1481438551133,797.3972817917602,1147.4603271484375,551.0287780761719,76.89501953125,84.03009033203125,0.915089097576973,0.7546347975730896,-2.435946884924073,2.9319081146063652,3.811813534089246,car,0
58,RECORD@2020-11-21_13.44.44,0,3,8.985676765441895,5.238888740539551,-0.5111110806465149,-0.9444444179534912,121482411769856.0,8.98348617553711,-0.07902384549379349,-0.14784930646419525,960.1481438551133,797.3972817917602,816.0664367675781,528.9697265625,104.05645751953125,66.1475830078125,1.5730953844109685,0.7156307697296143,1.3846493578785461,4.058010028840464,4.28773824276194,car,0
58,RECORD@2020-11-21_13.44.44,0,4,8.985676765441895,5.238888740539551,-0.5111110806465149,-0.9444444179534912,121482411769856.0,8.98348617553711,-0.07902384549379349,-0.14784930646419525,960.1481438551133,797.3972817917602,486.4662780761719,549.7921142578125,91.47198486328125,71.51806640625,1.27900528439465,0.6712653040885925,5.178436506947245,3.46213453433508,6.229171709811792,car,0
58,RECORD@2020-11-21_13.44.44,0,5,8.985676765441895,5.238888740539551,-0.5111110806465149,-0.9444444179534912,121482411769856.0,8.98348617553711,-0.07902384549379349,-0.14784930646419525,960.1481438551133,797.3972817917602,547.6697998046875,614.6817932128906,90.672607421875,161.38665771484375,0.5618345946669622,0.6712180376052856,4.549095430015331,1.1321598152290384,4.687862527699146,person,0
58,RECORD@2020-11-21_13.44.44,0,6,8.985676765441895,5.238888740539551,-0.5111110806465149,-0.9444444179534912,121482411769856.0,8.98348617553711,-0.07902384549379349,-0.14784930646419525,960.1481438551133,797.3972817917602,706.6851806640625,536.0457763671875,93.65283203125,58.226318359375,1.6084278496404536,0.6166021227836609,2.706410021925183,4.488545949470847,5.241345242138531,car,0
58,RECORD@2020-11-21_13.44.44,0,7,8.985676765441895,5.238888740539551,-0.5111110806465149,-0.9444444179534912,121482411769856.0,8.98348617553711,-0.07902384549379349,-0.14784930646419525,960.1481438551133,797.3972817917602,324.5371398925781,224.58714294433594,53.641845703125,107.74044799804688,0.49788029194103056,0.5736701488494873,11.849163570550044,5.316574689366506,12.987249275703567,traffic light,0
58,RECORD@2020-11-21_13.44.44,0,8,8.985676765441895,5.238888740539551,-0.5111110806465149,-0.9444444179534912,121482411769856.0,8.98348617553711,-0.07902384549379349,-0.14784930646419525,960.1481438551133,797.3972817917602,18.590909004211426,164.72634506225586,36.784719467163086,108.16336822509766,0.34008481864775875,0.53564453125,25.59642287584684,5.849216302259185,26.25624107502424,traffic light,0
59,RECORD@2020-11-21_13.44.44,0,0,9.25390625,-3.933333396911621,-21.200000762939453,-1.0,116923866021888.0,8.626322746276855,-3.3459300994873047,-0.1615029275417328,1527.8070339506376,800.1811462859439,1005.5154418945312,631.9577178955078,310.4512939453125,271.3246765136719,1.1442058935972566,0.9157841801643372,1.6823624260625905,0.620007846510634,1.7929732464155617,car,0
59,RECORD@2020-11-21_13.44.44,0,1,9.25390625,-3.933333396911621,-21.200000762939453,-1.0,116923866021888.0,8.626322746276855,-3.3459300994873047,-0.1615029275417328,1527.8070339506376,800.1811462859439,1538.36328125,635.8472290039062,411.4248046875,268.39697265625,1.5328965919985738,0.8945247530937195,-0.02565778042327928,0.6122793251193211,0.6128166884679468,car,0
59,RECORD@2020-11-21_13.44.44,0,2,9.25390625,-3.933333396911621,-21.200000762939453,-1.0,116923866021888.0,8.626322746276855,-3.3459300994873047,-0.1615029275417328,1527.8070339506376,800.1811462859439,1143.8034057617188,548.2336273193359,73.1422119140625,79.49685668945312,0.9200642007744477,0.7203136086463928,5.250095917800502,3.1692764904003297,6.132521554687739,car,0
59,RECORD@2020-11-21_13.44.44,0,3,9.25390625,-3.933333396911621,-21.200000762939453,-1.0,116923866021888.0,8.626322746276855,-3.3459300994873047,-0.1615029275417328,1527.8070339506376,800.1811462859439,285.0572052001953,200.91799926757812,55.082427978515625,117.65863037109375,0.46815459099588685,0.6738382577896118,22.561638518098093,5.093235788384565,23.129387873815613,traffic light,0
59,RECORD@2020-11-21_13.44.44,0,4,9.25390625,-3.933333396911621,-21.200000762939453,-1.0,116923866021888.0,8.626322746276855,-3.3459300994873047,-0.1615029275417328,1527.8070339506376,800.1811462859439,500.7331085205078,625.7292175292969,90.97811889648438,188.80682373046875,0.48185821412027047,0.6710569262504578,11.289241170162494,0.9239704652077932,11.326989344864245,person,0
59,RECORD@2020-11-21_13.44.44,0,5,9.25390625,-3.933333396911621,-21.200000762939453,-1.0,116923866021888.0,8.626322746276855,-3.3459300994873047,-0.1615029275417328,1527.8070339506376,800.1811462859439,806.5044860839844,527.7945251464844,100.07830810546875,62.99346923828125,1.5887092632874231,0.6582024097442627,7.207381514748428,4.32404540396276,8.404981674856217,car,0
59,RECORD@2020-11-21_13.44.44,0,6,9.25390625,-3.933333396911621,-21.200000762939453,-1.0,116923866021888.0,8.626322746276855,-3.3459300994873047,-0.1615029275417328,1527.8070339506376,800.1811462859439,694.5863952636719,533.4083709716797,75.39947509765625,58.490997314453125,1.289078295114401,0.6394566893577576,11.05074853117732,4.560920270859267,11.954958670629214,car,0
59,RECORD@2020-11-21_13.44.44,0,7,9.25390625,-3.933333396911621,-21.200000762939453,-1.0,116923866021888.0,8.626322746276855,-3.3459300994873047,-0.1615029275417328,1527.8070339506376,800.1811462859439,644.8096008300781,534.3946075439453,61.31304931640625,54.684417724609375,1.1212160953268013,0.6221505999565125,14.401460096428208,4.860370646726077,15.199514983464782,car,0
59,RECORD@2020-11-21_13.44.44,0,8,9.25390625,-3.933333396911621,-21.200000762939453,-1.0,116923866021888.0,8.626322746276855,-3.3459300994873047,-0.1615029275417328,1527.8070339506376,800.1811462859439,1747.9097900390625,204.0297088623047,42.0234375,95.79473876953125,0.43868210342013164,0.6220957636833191,-5.237619033150844,6.22321690189997,8.13394625901336,traffic light,0
59,RECORD@2020-11-21_13.44.44,0,9,9.25390625,-3.933333396911621,-21.200000762939453,-1.0,116923866021888.0,8.626322746276855,-3.3459300994873047,-0.1615029275417328,1527.8070339506376,800.1811462859439,448.9208679199219,549.3167572021484,93.32537841796875,78.96804809570312,1.1818118931452586,0.5994552373886108,11.560479950038845,3.17678346031508,11.989022054737475,car,0
59,RECORD@2020-11-21_13.44.44,0,10,9.25390625,-3.933333396911621,-21.200000762939453,-1.0,116923866021888.0,8.626322746276855,-3.3459300994873047,-0.1615029275417328,1527.8070339506376,800.1811462859439,521.6297454833984,535.1515502929688,65.14651489257812,42.6741943359375,1.526602104769342,0.4479999840259552,15.444836767190884,6.210535432880663,16.646733407135393,car,0
59,RECORD@2020-11-21_13.44.44,1,0,8.922564506530762,2.7411766052246094,-0.0470588281750679,-0.6470588445663452,89654372073472.0,8.921378135681152,-0.006520731374621391,-0.09995834529399872,947.3021080451232,790.8025524586361,1005.5154418945312,631.9577178955078,310.4512939453125,271.3246765136719,1.1442058935972566,0.9157841801643372,-0.1875119704273567,0.5854419015777366,0.614738122436299,car,0
59,RECORD@2020-11-21_13.44.44,1,1,8.922564506530762,2.7411766052246094,-0.0470588281750679,-0.6470588445663452,89654372073472.0,8.921378135681152,-0.006520731374621391,-0.09995834529399872,947.3021080451232,790.8025524586361,1538.36328125,635.8472290039062,411.4248046875,268.39697265625,1.5328965919985738,0.8945247530937195,-1.4366201708567878,0.5773363310367484,1.5482876846528104,car,0
59,RECORD@2020-11-21_13.44.44,1,2,8.922564506530762,2.7411766052246094,-0.0470588281750679,-0.6470588445663452,89654372073472.0,8.921378135681152,-0.006520731374621391,-0.09995834529399872,947.3021080451232,790.8025524586361,1143.8034057617188,548.2336273193359,73.1422119140625,79.49685668945312,0.9200642007744477,0.7203136086463928,-2.686564879217383,3.05130209219306,4.065473565043322,car,0
59,RECORD@2020-11-21_13.44.44,1,3,8.922564506530762,2.7411766052246094,-0.0470588281750679,-0.6470588445663452,89654372073472.0,8.921378135681152,-0.006520731374621391,-0.09995834529399872,947.3021080451232,790.8025524586361,285.0572052001953,200.91799926757812,55.082427978515625,117.65863037109375,0.46815459099588685,0.6738382577896118,12.022797962051168,5.013525581001326,13.026246949434684,traffic light,0
59,RECORD@2020-11-21_13.44.44,1,4,8.922564506530762,2.7411766052246094,-0.0470588281750679,-0.6470588445663452,89654372073472.0,8.921378135681152,-0.006520731374621391,-0.09995834529399872,947.3021080451232,790.8025524586361,500.7331085205078,625.7292175292969,90.97811889648438,188.80682373046875,0.48185821412027047,0.6710569262504578,4.908531907905517,0.8742975050784697,4.985787963633533,person,0
59,RECORD@2020-11-21_13.44.44,1,5,8.922564506530762,2.7411766052246094,-0.0470588281750679,-0.6470588445663452,89654372073472.0,8.921378135681152,-0.006520731374621391,-0.09995834529399872,947.3021080451232,790.8025524586361,806.5044860839844,527.7945251464844,100.07830810546875,62.99346923828125,1.5887092632874231,0.6582024097442627,1.4068745228262405,4.175163401737545,4.405824026693098,car,0
59,RECORD@2020-11-21_13.44.44,1,6,8.922564506530762,2.7411766052246094,-0.0470588281750679,-0.6470588445663452,89654372073472.0,8.921378135681152,-0.006520731374621391,-0.09995834529399872,947.3021080451232,790.8025524586361,694.5863952636719,533.4083709716797,75.39947509765625,58.490997314453125,1.289078295114401,0.6394566893577576,3.3516906112958713,4.400577752216824,5.531628558313959,car,0
59,RECORD@2020-11-21_13.44.44,1,7,8.922564506530762,2.7411766052246094,-0.0470588281750679,-0.6470588445663452,89654372073472.0,8.921378135681152,-0.006520731374621391,-0.09995834529399872,947.3021080451232,790.8025524586361,644.8096008300781,534.3946075439453,61.31304931640625,54.684417724609375,1.1212160953268013,0.6221505999565125,4.933574672726375,4.68886669335972,6.806293405331956,car,0
59,RECORD@2020-11-21_13.44.44,1,8,8.922564506530762,2.7411766052246094,-0.0470588281750679,-0.6470588445663452,89654372073472.0,8.921378135681152,-0.006520731374621391,-0.09995834529399872,947.3021080451232,790.8025524586361,1747.9097900390625,204.0297088623047,42.0234375,95.79473876953125,0.43868210342013164,0.6220957636833191,-19.051456273512592,6.12531388605824,20.011932848785502,traffic light,0
59,RECORD@2020-11-21_13.44.44,1,9,8.922564506530762,2.7411766052246094,-0.0470588281750679,-0.6470588445663452,89654372073472.0,8.921378135681152,-0.006520731374621391,-0.09995834529399872,947.3021080451232,790.8025524586361,448.9208679199219,549.3167572021484,93.32537841796875,78.96804809570312,1.1818118931452586,0.5994552373886108,5.340254157804129,3.0580190479550122,6.153843918040168,car,0
59,RECORD@2020-11-21_13.44.44,1,10,8.922564506530762,2.7411766052246094,-0.0470588281750679,-0.6470588445663452,89654372073472.0,8.921378135681152,-0.006520731374621391,-0.09995834529399872,947.3021080451232,790.8025524586361,521.6297454833984,535.1515502929688,65.14651489257812,42.6741943359375,1.526602104769342,0.4479999840259552,6.534077275870054,5.990763414375097,8.864728542603919,car,0
60,RECORD@2020-11-21_13.44.44,0,0,8.804227828979492,3.2941179275512695,-23.223529815673828,0.4117647111415863,198175998607360.0,8.08806037902832,-3.4724555015563965,0.0631968080997467,1606.299332232464,780.3809373622712,1556.9820556640625,638.2381896972656,427.41650390625,279.27337646484375,1.530459184175242,0.898531973361969,0.11538458650445269,0.5089734992440254,0.5218885184936639,car,0
60,RECORD@2020-11-21_13.44.44,0,1,8.804227828979492,3.2941179275512695,-23.223529815673828,0.4117647111415863,198175998607360.0,8.08806037902832,-3.4724555015563965,0.0631968080997467,1606.299332232464,780.3809373622712,1006.6014404296875,629.1489105224609,313.367431640625,276.9295959472656,1.1315779758704376,0.8838287591934204,1.91372118239307,0.5461027967144713,1.9901148279733252,car,0
60,RECORD@2020-11-21_13.44.44,0,2,8.804227828979492,3.2941179275512695,-23.223529815673828,0.4117647111415863,198175998607360.0,8.08806037902832,-3.4724555015563965,0.0631968080997467,1606.299332232464,780.3809373622712,453.7070617675781,655.0989074707031,108.457763671875,227.72406005859375,0.4762683558512379,0.6995142698287964,10.62710710089787,0.5501484114560965,10.641337726460034,person,0
60,RECORD@2020-11-21_13.44.44,0,3,8.804227828979492,3.2941179275512695,-23.223529815673828,0.4117647111415863,198175998607360.0,8.08806037902832,-3.4724555015563965,0.0631968080997467,1606.299332232464,780.3809373622712,1145.7954711914062,548.4280700683594,64.7684326171875,74.78668212890625,0.8660423323172598,0.690322995185852,7.110004711135383,3.1015263773047947,7.757037634399149,car,0
60,RECORD@2020-11-21_13.44.44,0,4,8.804227828979492,3.2941179275512695,-23.223529815673828,0.4117647111415863,198175998607360.0,8.08806037902832,-3.4724555015563965,0.0631968080997467,1606.299332232464,780.3809373622712,689.7690124511719,531.6271820068359,82.04168701171875,60.948760986328125,1.3460763711032968,0.6237625479698181,11.171519664757453,4.08135869097052,11.893710118563638,car,0
60,RECORD@2020-11-21_13.44.44,0,5,8.804227828979492,3.2941179275512695,-23.223529815673828,0.4117647111415863,198175998607360.0,8.08806037902832,-3.4724555015563965,0.0631968080997467,1606.299332232464,780.3809373622712,791.8771362304688,528.3109283447266,70.05322265625,62.031707763671875,1.1293131397113627,0.5742920637130737,11.62576345699828,4.063567135341168,12.315476191422784,car,0
60,RECORD@2020-11-21_13.44.44,0,6,8.804227828979492,3.2941179275512695,-23.223529815673828,0.4117647111415863,198175998607360.0,8.08806037902832,-3.4724555015563965,0.0631968080997467,1606.299332232464,780.3809373622712,388.67897033691406,554.1344146728516,130.30709838867188,87.14474487304688,1.495294966764826,0.5666970014572144,9.34423662987037,2.5962153313893714,9.698200464104277,car,0
60,RECORD@2020-11-21_13.44.44,0,7,8.804227828979492,3.2941179275512695,-23.223529815673828,0.4117647111415863,198175998607360.0,8.08806037902832,-3.4724555015563965,0.0631968080997467,1606.299332232464,780.3809373622712,1815.032958984375,296.7643737792969,27.781494140625,69.79705810546875,0.3980324514343429,0.5405243039131165,-7.513405351610624,6.928896098345468,10.220609625618142,traffic light,0
60,RECORD@2020-11-21_13.44.44,0,8,8.804227828979492,3.2941179275512695,-23.223529815673828,0.4117647111415863,198175998607360.0,8.08806037902832,-3.4724555015563965,0.0631968080997467,1606.299332232464,780.3809373622712,492.4613037109375,540.3001098632812,80.6776123046875,45.049072265625,1.7908828805393424,0.5368636250495911,13.806036107204063,5.329317906557318,14.798927743001341,car,0
60,RECORD@2020-11-21_13.44.44,0,9,8.804227828979492,3.2941179275512695,-23.223529815673828,0.4117647111415863,198175998607360.0,8.08806037902832,-3.4724555015563965,0.0631968080997467,1606.299332232464,780.3809373622712,627.1283874511719,529.0829620361328,59.28802490234375,56.094329833984375,1.056934365341584,0.5074809193611145,16.515492738949106,4.479917597195201,17.112310249873914,car,0
60,RECORD@2020-11-21_13.44.44,0,10,8.804227828979492,3.2941179275512695,-23.223529815673828,0.4117647111415863,198175998607360.0,8.08806037902832,-3.4724555015563965,0.0631968080997467,1606.299332232464,780.3809373622712,408.0279998779297,555.3382873535156,91.12484741210938,85.09002685546875,1.0709227717942924,0.4422996938228607,13.149776009340112,2.6447594192325967,13.413104095675852,car,0
60,RECORD@2020-11-21_13.44.44,0,11,8.804227828979492,3.2941179275512695,-23.223529815673828,0.4117647111415863,198175998607360.0,8.08806037902832,-3.4724555015563965,0.0631968080997467,1606.299332232464,780.3809373622712,248.27896881103516,185.06620025634766,55.92369079589844,123.97056579589844,0.45110458629324635,0.4422258734703064,24.283453829571435,4.802065178003886,24.75370598247311,traffic light,0
60,RECORD@2020-11-21_13.44.44,0,12,8.804227828979492,3.2941179275512695,-23.223529815673828,0.4117647111415863,198175998607360.0,8.08806037902832,-3.4724555015563965,0.0631968080997467,1606.299332232464,780.3809373622712,930.7716674804688,372.4806823730469,20.7667236328125,37.4542236328125,0.5544561231972622,0.4057827591896057,32.5293328257437,10.890634364447896,34.303985350802904,traffic light,0
60,RECORD@2020-11-21_13.44.44,1,0,8.717448234558105,-6.766666412353516,-0.9333333373069763,0.0,128143167848448.0,8.716238975524902,-0.14230991899967194,0.0,972.1405880164892,778.6645428534133,1556.9820556640625,638.2381896972656,427.41650390625,279.27337646484375,1.530459184175242,0.898531973361969,-1.3683174662245916,0.5028275696513635,1.4577819635243068,car,0
60,RECORD@2020-11-21_13.44.44,1,1,8.717448234558105,-6.766666412353516,-0.9333333373069763,0.0,128143167848448.0,8.716238975524902,-0.14230991899967194,0.0,972.1405880164892,778.6645428534133,1006.6014404296875,629.1489105224609,313.367431640625,276.9295959472656,1.1315779758704376,0.8838287591934204,-0.10996947651126218,0.539904851337825,0.5509905028784796,car,0
60,RECORD@2020-11-21_13.44.44,1,2,8.717448234558105,-6.766666412353516,-0.9333333373069763,0.0,128143167848448.0,8.716238975524902,-0.14230991899967194,0.0,972.1405880164892,778.6645428534133,453.7070617675781,655.0989074707031,108.457763671875,227.72406005859375,0.4762683558512379,0.6995142698287964,4.78004993554325,0.5426112434097502,4.810748834408392,person,0
60,RECORD@2020-11-21_13.44.44,1,3,8.717448234558105,-6.766666412353516,-0.9333333373069763,0.0,128143167848448.0,8.716238975524902,-0.14230991899967194,0.0,972.1405880164892,778.6645428534133,1145.7954711914062,548.4280700683594,64.7684326171875,74.78668212890625,0.8660423323172598,0.690322995185852,-2.6811654405982104,3.078575840391024,4.0824352199266425,car,0
60,RECORD@2020-11-21_13.44.44,1,4,8.717448234558105,-6.766666412353516,-0.9333333373069763,0.0,128143167848448.0,8.716238975524902,-0.14230991899967194,0.0,972.1405880164892,778.6645428534133,689.7690124511719,531.6271820068359,82.04168701171875,60.948760986328125,1.3460763711032968,0.6237625479698181,3.4418060604358818,4.053197421059834,5.317371370493061,car,0
60,RECORD@2020-11-21_13.44.44,1,5,8.717448234558105,-6.766666412353516,-0.9333333373069763,0.0,128143167848448.0,8.716238975524902,-0.14230991899967194,0.0,972.1405880164892,778.6645428534133,791.8771362304688,528.3109283447266,70.05322265625,62.031707763671875,1.1293131397113627,0.5742920637130737,2.5732356764023585,4.035897503619968,4.786440274988897,car,0
60,RECORD@2020-11-21_13.44.44,1,6,8.717448234558105,-6.766666412353516,-0.9333333373069763,0.0,128143167848448.0,8.716238975524902,-0.14230991899967194,0.0,972.1405880164892,778.6645428534133,388.67897033691406,554.1344146728516,130.30709838867188,87.14474487304688,1.495294966764826,0.5666970014572144,4.477588902634163,2.5765194276219288,5.165970842146309,car,0
60,RECORD@2020-11-21_13.44.44,1,7,8.717448234558105,-6.766666412353516,-0.9333333373069763,0.0,128143167848448.0,8.716238975524902,-0.14230991899967194,0.0,972.1405880164892,778.6645428534133,1815.032958984375,296.7643737792969,27.781494140625,69.79705810546875,0.3980324514343429,0.5405243039131165,-30.340066185832697,6.904304882677549,31.115736245084637,traffic light,0
60,RECORD@2020-11-21_13.44.44,1,8,8.717448234558105,-6.766666412353516,-0.9333333373069763,0.0,128143167848448.0,8.716238975524902,-0.14230991899967194,0.0,972.1405880164892,778.6645428534133,492.4613037109375,540.3001098632812,80.6776123046875,45.049072265625,1.7908828805393424,0.5368636250495911,5.945630647743917,5.291217354813711,7.959114579855824,car,0
60,RECORD@2020-11-21_13.44.44,1,9,8.717448234558105,-6.766666412353516,-0.9333333373069763,0.0,128143167848448.0,8.716238975524902,-0.14230991899967194,0.0,972.1405880164892,778.6645428534133,627.1283874511719,529.0829620361328,59.28802490234375,56.094329833984375,1.056934365341584,0.5074809193611145,5.819256099922439,4.4493192370055406,7.325311135321972,car,0
60,RECORD@2020-11-21_13.44.44,1,10,8.717448234558105,-6.766666412353516,-0.9333333373069763,0.0,128143167848448.0,8.716238975524902,-0.14230991899967194,0.0,972.1405880164892,778.6645428534133,408.0279998779297,555.3382873535156,91.12484741210938,85.09002685546875,1.0709227717942924,0.4422996938228607,6.190546312658032,2.6245879071025873,6.7239367435508415,car,0
60,RECORD@2020-11-21_13.44.44,1,11,8.717448234558105,-6.766666412353516,-0.9333333373069763,0.0,128143167848448.0,8.716238975524902,-0.14230991899967194,0.0,972.1405880164892,778.6645428534133,248.27896881103516,185.06620025634766,55.92369079589844,123.97056579589844,0.45110458629324635,0.4422258734703064,12.943738313826447,4.788220000337409,13.800993163843314,traffic light,0
60,RECORD@2020-11-21_13.44.44,1,12,8.717448234558105,-6.766666412353516,-0.9333333373069763,0.0,128143167848448.0,8.716238975524902,-0.14230991899967194,0.0,972.1405880164892,778.6645428534133,930.7716674804688,372.4806823730469,20.7667236328125,37.4542236328125,0.5544561231972622,0.4057827591896057,1.992077386278471,10.844807903707853,11.026251891791988,traffic light,0
61,RECORD@2020-11-21_13.44.44,0,0,8.340895652770996,-1.8384613990783691,-25.200002670288086,1.4615384340286255,131492646748160.0,7.5395894050598145,-3.5511322021484375,0.213606059551239,1712.7966147497268,776.3853115104423,1005.7693786621094,625.6268768310547,321.27496337890625,283.8583068847656,1.1318145553137897,0.9369446635246277,2.2006919825052207,0.531104537097761,2.2638721764244076,car,0
61,RECORD@2020-11-21_13.44.44,0,1,8.340895652770996,-1.8384613990783691,-25.200002670288086,1.4615384340286255,131492646748160.0,7.5395894050598145,-3.5511322021484375,0.213606059551239,1712.7966147497268,776.3853115104423,1579.4387817382812,640.8193359375,449.5028076171875,289.3912353515625,1.5532702884768292,0.9142652750015259,0.29667853181690873,0.46845225083700986,0.5544958634248748,car,0
61,RECORD@2020-11-21_13.44.44,0,2,8.340895652770996,-1.8384613990783691,-25.200002670288086,1.4615384340286255,131492646748160.0,7.5395894050598145,-3.5511322021484375,0.213606059551239,1712.7966147497268,776.3853115104423,387.33636474609375,656.8368530273438,116.98590087890625,226.4681396484375,0.516566705853246,0.7931815385818481,11.330085420940046,0.527882017614849,11.342376076921418,person,0
61,RECORD@2020-11-21_13.44.44,0,3,8.340895652770996,-1.8384613990783691,-25.200002670288086,1.4615384340286255,131492646748160.0,7.5395894050598145,-3.5511322021484375,0.213606059551239,1712.7966147497268,776.3853115104423,610.8710632324219,527.3725738525391,78.56488037109375,57.635345458984375,1.3631371469266835,0.7180903553962708,14.02567592940337,4.320486598542394,14.676041350610507,car,0
61,RECORD@2020-11-21_13.44.44,0,4,8.340895652770996,-1.8384613990783691,-25.200002670288086,1.4615384340286255,131492646748160.0,7.5395894050598145,-3.5511322021484375,0.213606059551239,1712.7966147497268,776.3853115104423,1842.106201171875,286.2322235107422,31.883056640625,73.32846069335938,0.4347978443724829,0.6939756274223328,-4.055746219055531,6.6843498876840375,7.81854275516639,traffic light,0
61,RECORD@2020-11-21_13.44.44,0,5,8.340895652770996,-1.8384613990783691,-25.200002670288086,1.4615384340286255,131492646748160.0,7.5395894050598145,-3.5511322021484375,0.213606059551239,1712.7966147497268,776.3853115104423,460.94842529296875,537.6472778320312,82.0008544921875,53.1163330078125,1.5437973566459602,0.6838372349739075,15.266282250461499,4.494625667086182,15.914177127265667,car,0
61,RECORD@2020-11-21_13.44.44,0,6,8.340895652770996,-1.8384613990783691,-25.200002670288086,1.4615384340286255,131492646748160.0,7.5395894050598145,-3.5511322021484375,0.213606059551239,1712.7966147497268,776.3853115104423,685.1141357421875,527.3173065185547,82.020263671875,63.959991455078125,1.2823682712572184,0.6633923053741455,12.529616865398285,3.894121924122189,13.12080349496944,car,0
61,RECORD@2020-11-21_13.44.44,0,7,8.340895652770996,-1.8384613990783691,-25.200002670288086,1.4615384340286255,131492646748160.0,7.5395894050598145,-3.5511322021484375,0.213606059551239,1712.7966147497268,776.3853115104423,320.9420394897461,556.6568298339844,158.12794494628906,97.78070068359375,1.6171692761537015,0.6043719053268433,8.802078441813359,2.247155933024781,9.084398421643778,car,0
61,RECORD@2020-11-21_13.44.44,0,8,8.340895652770996,-1.8384613990783691,-25.200002670288086,1.4615384340286255,131492646748160.0,7.5395894050598145,-3.5511322021484375,0.213606059551239,1712.7966147497268,776.3853115104423,199.35698699951172,157.94375610351562,60.93421936035156,129.7203369140625,0.46973528445828383,0.591243326663971,24.837269495487686,4.76749883726122,25.29069000946337,traffic light,0
61,RECORD@2020-11-21_13.44.44,0,9,8.340895652770996,-1.8384613990783691,-25.200002670288086,1.4615384340286255,131492646748160.0,7.5395894050598145,-3.5511322021484375,0.213606059551239,1712.7966147497268,776.3853115104423,930.0195922851562,362.5122833251953,17.62646484375,42.741485595703125,0.41239710314425804,0.5769431591033936,44.40918978385663,9.683168996513643,45.45261157594401,traffic light,0
61,RECORD@2020-11-21_13.44.44,0,10,8.340895652770996,-1.8384613990783691,-25.200002670288086,1.4615384340286255,131492646748160.0,7.5395894050598145,-3.5511322021484375,0.213606059551239,1712.7966147497268,776.3853115104423,1819.811279296875,170.33697891235352,43.021728515625,107.77147674560547,0.39919401510269525,0.5630855560302734,-2.4874561817822287,5.623457624401544,6.149041706617909,traffic light,0
61,RECORD@2020-11-21_13.44.44,0,11,8.340895652770996,-1.8384613990783691,-25.200002670288086,1.4615384340286255,131492646748160.0,7.5395894050598145,-3.5511322021484375,0.213606059551239,1712.7966147497268,776.3853115104423,792.0971984863281,524.4261627197266,84.11260986328125,57.826873779296875,1.454559175796136,0.5252258777618408,10.946033154362071,4.357129001169037,11.781350302457778,car,0
61,RECORD@2020-11-21_13.44.44,0,12,8.340895652770996,-1.8384613990783691,-25.200002670288086,1.4615384340286255,131492646748160.0,7.5395894050598145,-3.5511322021484375,0.213606059551239,1712.7966147497268,776.3853115104423,1673.3382568359375,319.63177490234375,27.02490234375,60.6566162109375,0.44553923433132286,0.4868903160095215,1.4600740240201007,7.5301519461571536,7.670397935428945,traffic light,0
61,RECORD@2020-11-21_13.44.44,0,13,8.340895652770996,-1.8384613990783691,-25.200002670288086,1.4615384340286255,131492646748160.0,7.5395894050598145,-3.5511322021484375,0.213606059551239,1712.7966147497268,776.3853115104423,1144.25,546.243896484375,58.469482421875,67.9896240234375,0.859976551741473,0.4632274806499481,9.723818156067999,3.3849490761521577,10.296141014012045,car,0
61,RECORD@2020-11-21_13.44.44,0,14,8.340895652770996,-1.8384613990783691,-25.200002670288086,1.4615384340286255,131492646748160.0,7.5395894050598145,-3.5511322021484375,0.213606059551239,1712.7966147497268,776.3853115104423,799.7033386230469,516.8027038574219,93.77288818359375,65.72137451171875,1.426824817348778,0.4074138104915619,9.737284345332048,3.9497440457021233,10.507862981996288,car,0
61,RECORD@2020-11-21_13.44.44,1,0,8.535435676574707,3.6857142448425293,-5.114285469055176,0.0,126361620447232.0,8.501153945922852,-0.7615780234336853,0.0,1087.847595558698,783.9287529777821,1005.7693786621094,625.6268768310547,321.27496337890625,283.8583068847656,1.1318145553137897,0.9369446635246277,0.2554765426890329,0.5576792093352098,0.6134120673650674,car,0
61,RECORD@2020-11-21_13.44.44,1,1,8.535435676574707,3.6857142448425293,-5.114285469055176,0.0,126361620447232.0,8.501153945922852,-0.7615780234336853,0.0,1087.847595558698,783.9287529777821,1579.4387817382812,640.8193359375,449.5028076171875,289.3912353515625,1.5532702884768292,0.9142652750015259,-1.0936331828170465,0.4945188366414339,1.2002426497803436,car,0
61,RECORD@2020-11-21_13.44.44,1,2,8.535435676574707,3.6857142448425293,-5.114285469055176,0.0,126361620447232.0,8.501153945922852,-0.7615780234336853,0.0,1087.847595558698,783.9287529777821,387.33636474609375,656.8368530273438,116.98590087890625,226.4681396484375,0.516566705853246,0.7931815385818481,5.987997062464077,0.5611910803335608,6.014236796861623,person,0
61,RECORD@2020-11-21_13.44.44,1,3,8.535435676574707,3.6857142448425293,-5.114285469055176,0.0,126361620447232.0,8.501153945922852,-0.7615780234336853,0.0,1087.847595558698,783.9287529777821,610.8710632324219,527.3725738525391,78.56488037109375,57.635345458984375,1.3631371469266835,0.7180903553962708,6.071116382705896,4.451368809922701,7.528156375522002,car,0
61,RECORD@2020-11-21_13.44.44,1,4,8.535435676574707,3.6857142448425293,-5.114285469055176,0.0,126361620447232.0,8.501153945922852,-0.7615780234336853,0.0,1087.847595558698,783.9287529777821,1842.106201171875,286.2322235107422,31.883056640625,73.32846069335938,0.4347978443724829,0.6939756274223328,-23.657035588366703,6.787221833938092,24.611414283871106,traffic light,0
61,RECORD@2020-11-21_13.44.44,1,5,8.535435676574707,3.6857142448425293,-5.114285469055176,0.0,126361620447232.0,8.501153945922852,-0.7615780234336853,0.0,1087.847595558698,783.9287529777821,460.94842529296875,537.6472778320312,82.0008544921875,53.1163330078125,1.5437973566459602,0.6838372349739075,7.6450321664081695,4.636643028605289,8.941195412254986,car,0
61,RECORD@2020-11-21_13.44.44,1,6,8.535435676574707,3.6857142448425293,-5.114285469055176,0.0,126361620447232.0,8.501153945922852,-0.7615780234336853,0.0,1087.847595558698,783.9287529777821,685.1141357421875,527.3173065185547,82.020263671875,63.959991455078125,1.2823682712572184,0.6633923053741455,4.910170265090345,4.012061925296797,6.340852696963842,car,0
61,RECORD@2020-11-21_13.44.44,1,7,8.535435676574707,3.6857142448425293,-5.114285469055176,0.0,126361620447232.0,8.501153945922852,-0.7615780234336853,0.0,1087.847595558698,783.9287529777821,320.9420394897461,556.6568298339844,158.12794494628906,97.78070068359375,1.6171692761537015,0.6043719053268433,4.849905286060885,2.3243024600449687,5.378100334647208,car,0
61,RECORD@2020-11-21_13.44.44,1,8,8.535435676574707,3.6857142448425293,-5.114285469055176,0.0,126361620447232.0,8.501153945922852,-0.7615780234336853,0.0,1087.847595558698,783.9287529777821,199.35698699951172,157.94375610351562,60.93421936035156,129.7203369140625,0.46973528445828383,0.591243326663971,14.581143697022659,4.825650408917538,15.358927481510863,traffic light,0
61,RECORD@2020-11-21_13.44.44,1,9,8.535435676574707,3.6857142448425293,-5.114285469055176,0.0,126361620447232.0,8.501153945922852,-0.7615780234336853,0.0,1087.847595558698,783.9287529777821,930.0195922851562,362.5122833251953,17.62646484375,42.741485595703125,0.41239710314425804,0.5769431591033936,8.95403614239213,9.859658918709941,13.31869502738767,traffic light,0
61,RECORD@2020-11-21_13.44.44,1,10,8.535435676574707,3.6857142448425293,-5.114285469055176,0.0,126361620447232.0,8.501153945922852,-0.7615780234336853,0.0,1087.847595558698,783.9287529777821,1819.811279296875,170.33697891235352,43.021728515625,107.77147674560547,0.39919401510269525,0.5630855560302734,-17.013813925963856,5.693452410546547,17.941161184786225,traffic light,0
61,RECORD@2020-11-21_13.44.44,1,11,8.535435676574707,3.6857142448425293,-5.114285469055176,0.0,126361620447232.0,8.501153945922852,-0.7615780234336853,0.0,1087.847595558698,783.9287529777821,792.0971984863281,524.4261627197266,84.11260986328125,57.826873779296875,1.454559175796136,0.5252258777618408,3.516124366525899,4.487577717731689,5.701007308674416,car,0
61,RECORD@2020-11-21_13.44.44,1,12,8.535435676574707,3.6857142448425293,-5.114285469055176,0.0,126361620447232.0,8.501153945922852,-0.7615780234336853,0.0,1087.847595558698,783.9287529777821,1673.3382568359375,319.63177490234375,27.02490234375,60.6566162109375,0.44553923433132286,0.4868903160095215,-21.664857612802617,7.6545149907606795,22.977329155643645,traffic light,0
61,RECORD@2020-11-21_13.44.44,1,13,8.535435676574707,3.6857142448425293,-5.114285469055176,0.0,126361620447232.0,8.501153945922852,-0.7615780234336853,0.0,1087.847595558698,783.9287529777821,1144.25,546.243896484375,58.469482421875,67.9896240234375,0.859976551741473,0.4632274806499481,-0.964646891079719,3.4958989685171957,3.6265483896605266,car,0
61,RECORD@2020-11-21_13.44.44,1,14,8.535435676574707,3.6857142448425293,-5.114285469055176,0.0,126361620447232.0,8.501153945922852,-0.7615780234336853,0.0,1087.847595558698,783.9287529777821,799.7033386230469,516.8027038574219,93.77288818359375,65.72137451171875,1.426824817348778,0.4074138104915619,3.072788548130312,4.0645231647236635,5.095329039237413,car,0
62,RECORD@2020-11-21_13.44.44,0,0,8.180989265441895,1.5666667222976685,-1.4666666984558105,0.0,179293023895552.0,8.178301811218262,-0.2092391550540924,0.0,986.6944977945584,793.0199037135967,1003.3697814941406,623.8373565673828,329.82000732421875,292.1800231933594,1.128824632565485,0.9462942481040955,-0.050558739097929045,0.57903529918694,0.5812383881022326,car,0
62,RECORD@2020-11-21_13.44.44,0,1,8.180989265441895,1.5666667222976685,-1.4666666984558105,0.0,179293023895552.0,8.178301811218262,-0.2092391550540924,0.0,986.6944977945584,793.0199037135967,1608.6826171875,641.8401489257812,478.517578125,307.2674560546875,1.5573324434327123,0.9185191988945007,-1.2998229277806461,0.49201355955154735,1.389826243228568,car,0
62,RECORD@2020-11-21_13.44.44,0,2,8.180989265441895,1.5666667222976685,-1.4666666984558105,0.0,179293023895552.0,8.178301811218262,-0.2092391550540924,0.0,986.6944977945584,793.0199037135967,418.94224548339844,535.0056915283203,97.93240356445312,60.990203857421875,1.6057071032815668,0.7959547638893127,5.797389134205209,4.230420557183934,7.176780536148855,car,0
62,RECORD@2020-11-21_13.44.44,0,3,8.180989265441895,1.5666667222976685,-1.4666666984558105,0.0,179293023895552.0,8.178301811218262,-0.2092391550540924,0.0,986.6944977945584,793.0199037135967,311.5396728515625,676.9880676269531,117.7100830078125,280.41815185546875,0.419766274861129,0.7828644514083862,5.735743342379475,0.41378147355613387,5.750649250085486,person,0
62,RECORD@2020-11-21_13.44.44,0,4,8.180989265441895,1.5666667222976685,-1.4666666984558105,0.0,179293023895552.0,8.178301811218262,-0.2092391550540924,0.0,986.6944977945584,793.0199037135967,585.8197326660156,525.111328125,88.32550048828125,63.9891357421875,1.3803202600539108,0.722123384475708,4.53860734343339,4.186782216718812,6.174795700920021,car,0
62,RECORD@2020-11-21_13.44.44,0,5,8.180989265441895,1.5666667222976685,-1.4666666984558105,0.0,179293023895552.0,8.178301811218262,-0.2092391550540924,0.0,986.6944977945584,793.0199037135967,236.8885955810547,559.8315582275391,184.09408569335938,109.81356811523438,1.6764238595742351,0.6982226371765137,4.0729494344670885,2.1234930208383562,4.593271133438019,car,0
62,RECORD@2020-11-21_13.44.44,0,6,8.180989265441895,1.5666667222976685,-1.4666666984558105,0.0,179293023895552.0,8.178301811218262,-0.2092391550540924,0.0,986.6944977945584,793.0199037135967,680.5521240234375,523.3402252197266,93.3988037109375,63.052703857421875,1.4812814993966927,0.6949580311775208,3.2777975906266343,4.277051767735197,5.3886110333744215,car,0
62,RECORD@2020-11-21_13.44.44,0,7,8.180989265441895,1.5666667222976685,-1.4666666984558105,0.0,179293023895552.0,8.178301811218262,-0.2092391550540924,0.0,986.6944977945584,793.0199037135967,928.1493530273438,356.1482849121094,20.990478515625,42.38983154296875,0.49517720999546444,0.5122812390327454,2.7891286386651224,10.306047533089377,10.676790450192398,traffic light,0
62,RECORD@2020-11-21_13.44.44,0,8,8.180989265441895,1.5666667222976685,-1.4666666984558105,0.0,179293023895552.0,8.178301811218262,-0.2092391550540924,0.0,986.6944977945584,793.0199037135967,1142.6050415039062,539.9632873535156,49.1561279296875,65.87713623046875,0.7461788830303215,0.4386790096759796,-3.171741759895347,3.841342092873797,4.981551451701375,car,0
62,RECORD@2020-11-21_13.44.44,0,9,8.180989265441895,1.5666667222976685,-1.4666666984558105,0.0,179293023895552.0,8.178301811218262,-0.2092391550540924,0.0,986.6944977945584,793.0199037135967,146.79166793823242,129.48078536987305,65.7863540649414,139.88446807861328,0.4702906260326938,0.40477344393730164,12.767128408229018,4.7434795832431025,13.619844578733362,traffic light,0
62,RECORD@2020-11-21_13.44.44,1,0,78.859375,-4.375,-13.199999809265137,1.0,104770744352768.0,76.76412963867188,-18.004863739013672,1.3762859106063843,1352.1698175479085,525.5687419176901,1003.3697814941406,623.8373565673828,329.82000732421875,292.1800231933594,1.128824632565485,0.9462942481040955,1.0575466263660935,-0.3363289987305544,1.1097396371786505,car,0
62,RECORD@2020-11-21_13.44.44,1,1,78.859375,-4.375,-13.199999809265137,1.0,104770744352768.0,76.76412963867188,-18.004863739013672,1.3762859106063843,1352.1698175479085,525.5687419176901,1608.6826171875,641.8401489257812,478.517578125,307.2674560546875,1.5573324434327123,0.9185191988945007,-0.5360572137071721,-0.378404561618778,0.6561610691144335,car,0
62,RECORD@2020-11-21_13.44.44,1,2,78.859375,-4.375,-13.199999809265137,1.0,104770744352768.0,76.76412963867188,-18.004863739013672,1.3762859106063843,1352.1698175479085,525.5687419176901,418.94224548339844,535.0056915283203,97.93240356445312,60.990203857421875,1.6057071032815668,0.7959547638893127,9.529303255079578,-0.15472894028508552,9.530559352537079,car,0
62,RECORD@2020-11-21_13.44.44,1,3,78.859375,-4.375,-13.199999809265137,1.0,104770744352768.0,76.76412963867188,-18.004863739013672,1.3762859106063843,1352.1698175479085,525.5687419176901,311.5396728515625,676.9880676269531,117.7100830078125,280.41815185546875,0.419766274861129,0.7828644514083862,8.840620260434942,-0.5399769048734997,8.857095553679521,person,0
62,RECORD@2020-11-21_13.44.44,1,4,78.859375,-4.375,-13.199999809265137,1.0,104770744352768.0,76.76412963867188,-18.004863739013672,1.3762859106063843,1352.1698175479085,525.5687419176901,585.8197326660156,525.111328125,88.32550048828125,63.9891357421875,1.3803202600539108,0.722123384475708,8.676430709651848,0.007148303964176238,8.676433654309774,car,0
62,RECORD@2020-11-21_13.44.44,1,5,78.859375,-4.375,-13.199999809265137,1.0,104770744352768.0,76.76412963867188,-18.004863739013672,1.3762859106063843,1352.1698175479085,525.5687419176901,236.8885955810547,559.8315582275391,184.09408569335938,109.81356811523438,1.6764238595742351,0.6982226371765137,6.058213210741316,-0.31200895206223345,6.066242403083442,car,0
62,RECORD@2020-11-21_13.44.44,1,6,78.859375,-4.375,-13.199999809265137,1.0,104770744352768.0,76.76412963867188,-18.004863739013672,1.3762859106063843,1352.1698175479085,525.5687419176901,680.5521240234375,523.3402252197266,93.3988037109375,63.052703857421875,1.4812814993966927,0.6949580311775208,7.190859698835959,0.03534371345918437,7.190946557055216,car,0
62,RECORD@2020-11-21_13.44.44,1,7,78.859375,-4.375,-13.199999809265137,1.0,104770744352768.0,76.76412963867188,-18.004863739013672,1.3762859106063843,1352.1698175479085,525.5687419176901,928.1493530273438,356.1482849121094,20.990478515625,42.38983154296875,0.49517720999546444,0.5122812390327454,20.200609729069786,3.996723998156173,20.59219357289617,traffic light,0
62,RECORD@2020-11-21_13.44.44,1,8,78.859375,-4.375,-13.199999809265137,1.0,104770744352768.0,76.76412963867188,-18.004863739013672,1.3762859106063843,1352.1698175479085,525.5687419176901,1142.6050415039062,539.9632873535156,49.1561279296875,65.87713623046875,0.7461788830303215,0.4386790096759796,4.263248243306752,-0.21850593786388564,4.268844156084862,car,0
62,RECORD@2020-11-21_13.44.44,1,9,78.859375,-4.375,-13.199999809265137,1.0,104770744352768.0,76.76412963867188,-18.004863739013672,1.3762859106063843,1352.1698175479085,525.5687419176901,146.79166793823242,129.48078536987305,65.7863540649414,139.88446807861328,0.4702906260326938,0.40477344393730164,18.32261669980646,2.8315363527366073,18.540115448532017,traffic light,0
63,RECORD@2020-11-21_13.44.44,0,0,7.845703125,4.125,-0.800000011920929,-1.0,126041846710272.0,7.843743324279785,-0.10952644050121307,-0.13692639768123627,968.379977079919,829.0260020169013,1003.1463928222656,628.4021606445312,341.17376708984375,301.129638671875,1.1329796980283389,0.9407799243927002,-0.10190237086191738,0.6662374459625319,0.6739854802515832,car,0
63,RECORD@2020-11-21_13.44.44,0,1,7.845703125,4.125,-0.800000011920929,-1.0,126041846710272.0,7.843743324279785,-0.10952644050121307,-0.13692639768123627,968.379977079919,829.0260020169013,1641.0071411132812,646.9344635009766,505.5692138671875,324.2751159667969,1.5590749612713226,0.8889818787574768,-1.3304353698444558,0.5615341096187271,1.4440840798230725,car,0
63,RECORD@2020-11-21_13.44.44,0,2,7.845703125,4.125,-0.800000011920929,-1.0,126041846710272.0,7.843743324279785,-0.10952644050121307,-0.13692639768123627,968.379977079919,829.0260020169013,200.3890609741211,695.5677490234375,154.33631896972656,294.533203125,0.5240031253937308,0.830631673336029,4.9760867774515285,0.4531178542095442,4.996674434714693,person,0
63,RECORD@2020-11-21_13.44.44,0,3,7.845703125,4.125,-0.800000011920929,-1.0,126041846710272.0,7.843743324279785,-0.10952644050121307,-0.13692639768123627,968.379977079919,829.0260020169013,556.6296539306641,528.0412292480469,93.73129272460938,64.88067626953125,1.444671944158306,0.8123552203178406,4.392880020966027,4.639051102341862,6.388911488566869,car,0
63,RECORD@2020-11-21_13.44.44,0,4,7.845703125,4.125,-0.800000011920929,-1.0,126041846710272.0,7.843743324279785,-0.10952644050121307,-0.13692639768123627,968.379977079919,829.0260020169013,375.82159423828125,539.5608215332031,106.23980712890625,66.24920654296875,1.6036389365659782,0.7462459802627563,5.577555144868213,4.369338073444747,7.085212529917484,car,0
63,RECORD@2020-11-21_13.44.44,0,5,7.845703125,4.125,-0.800000011920929,-1.0,126041846710272.0,7.843743324279785,-0.10952644050121307,-0.13692639768123627,968.379977079919,829.0260020169013,666.3993530273438,523.4270172119141,82.9017333984375,62.867034912109375,1.3186836871555567,0.6320227384567261,3.6426334127564433,4.861037032082503,6.074410194167589,car,0
63,RECORD@2020-11-21_13.44.44,0,6,7.845703125,4.125,-0.800000011920929,-1.0,126041846710272.0,7.843743324279785,-0.10952644050121307,-0.13692639768123627,968.379977079919,829.0260020169013,92.88285827636719,100.76477813720703,68.10447692871094,148.9293975830078,0.45729371120803725,0.6124618649482727,12.855206563292269,4.889976295471067,13.753843243078698,traffic light,0
63,RECORD@2020-11-21_13.44.44,0,7,7.845703125,4.125,-0.800000011920929,-1.0,126041846710272.0,7.843743324279785,-0.10952644050121307,-0.13692639768123627,968.379977079919,829.0260020169013,126.7342300415039,568.6788024902344,206.4879913330078,132.07305908203125,1.5634376364732876,0.5319433212280273,4.076003362738292,1.971236233461996,4.527645712858648,car,0
63,RECORD@2020-11-21_13.44.44,0,8,7.845703125,4.125,-0.800000011920929,-1.0,126041846710272.0,7.843743324279785,-0.10952644050121307,-0.13692639768123627,968.379977079919,829.0260020169013,784.4330749511719,516.9052734375,87.79119873046875,61.4315185546875,1.4290904863814389,0.4672335386276245,2.0952772577293284,5.0807913579662785,5.495873689409406,car,0
63,RECORD@2020-11-21_13.44.44,0,9,7.845703125,4.125,-0.800000011920929,-1.0,126041846710272.0,7.843743324279785,-0.10952644050121307,-0.13692639768123627,968.379977079919,829.0260020169013,1903.1333618164062,265.0531005859375,30.2069091796875,73.0994873046875,0.4132301099976454,0.41655752062797546,-30.94501920656808,7.715141681914356,31.89228158766443,traffic light,0
63,RECORD@2020-11-21_13.44.44,0,10,7.845703125,4.125,-0.800000011920929,-1.0,126041846710272.0,7.843743324279785,-0.10952644050121307,-0.13692639768123627,968.379977079919,829.0260020169013,927.5419921875,354.2418670654297,21.7884521484375,44.429534912109375,0.49040468669184756,0.41434451937675476,1.8742949069627937,10.68622788626284,10.84935241548583,traffic light,0
63,RECORD@2020-11-21_13.44.44,1,0,77.74378204345703,0.04545454680919647,-13.581817626953125,0.5454545617103577,116950264971264.0,75.56291198730469,-18.255592346191406,0.7392110824584961,1363.2348229966515,540.1558861968455,1003.1463928222656,628.4021606445312,341.17376708984375,301.129638671875,1.1329796980283389,0.9407799243927002,1.0554399690394753,-0.29305077652566464,1.0953685616578301,car,0
63,RECORD@2020-11-21_13.44.44,1,1,77.74378204345703,0.04545454680919647,-13.581817626953125,0.5454545617103577,116950264971264.0,75.56291198730469,-18.255592346191406,0.7392110824584961,1363.2348229966515,540.1558861968455,1641.0071411132812,646.9344635009766,505.5692138671875,324.2751159667969,1.5590749612713226,0.8889818787574768,-0.5494249066154575,-0.3292839075418428,0.640543222410033,car,0
63,RECORD@2020-11-21_13.44.44,1,2,77.74378204345703,0.04545454680919647,-13.581817626953125,0.5454545617103577,116950264971264.0,75.56291198730469,-18.255592346191406,0.7392110824584961,1363.2348229966515,540.1558861968455,200.3890609741211,695.5677490234375,154.33631896972656,294.533203125,0.5240031253937308,0.830631673336029,7.534492009302265,-0.5276548150689658,7.55294574600567,person,0
63,RECORD@2020-11-21_13.44.44,1,3,77.74378204345703,0.04545454680919647,-13.581817626953125,0.5454545617103577,116950264971264.0,75.56291198730469,-18.255592346191406,0.7392110824584961,1363.2348229966515,540.1558861968455,556.6296539306641,528.0412292480469,93.73129272460938,64.88067626953125,1.444671944158306,0.8123552203178406,8.605505649387158,0.1867221127361736,8.607531157597919,car,0
63,RECORD@2020-11-21_13.44.44,1,4,77.74378204345703,0.04545454680919647,-13.581817626953125,0.5454545617103577,116950264971264.0,75.56291198730469,-18.255592346191406,0.7392110824584961,1363.2348229966515,540.1558861968455,375.82159423828125,539.5608215332031,106.23980712890625,66.24920654296875,1.6036389365659782,0.7462459802627563,9.29419259543921,0.008982215707842365,9.294196935793648,car,0
63,RECORD@2020-11-21_13.44.44,1,5,77.74378204345703,0.04545454680919647,-13.581817626953125,0.5454545617103577,116950264971264.0,75.56291198730469,-18.255592346191406,0.7392110824584961,1363.2348229966515,540.1558861968455,666.3993530273438,523.4270172119141,82.9017333984375,62.867034912109375,1.3186836871555567,0.6320227384567261,8.405559707904025,0.2660992204947957,8.40977067453611,car,0
63,RECORD@2020-11-21_13.44.44,1,6,77.74378204345703,0.04545454680919647,-13.581817626953125,0.5454545617103577,116950264971264.0,75.56291198730469,-18.255592346191406,0.7392110824584961,1363.2348229966515,540.1558861968455,92.88285827636719,100.76477813720703,68.10447692871094,148.9293975830078,0.45729371120803725,0.6124618649482727,18.652987615631176,2.9503316013531706,18.884872346585592,traffic light,0
63,RECORD@2020-11-21_13.44.44,1,7,77.74378204345703,0.04545454680919647,-13.581817626953125,0.5454545617103577,116950264971264.0,75.56291198730469,-18.255592346191406,0.7392110824584961,1363.2348229966515,540.1558861968455,126.7342300415039,568.6788024902344,206.4879913330078,132.07305908203125,1.5634376364732876,0.5319433212280273,5.988244570411919,-0.2159631683527007,5.992137608996706,car,0
63,RECORD@2020-11-21_13.44.44,1,8,77.74378204345703,0.04545454680919647,-13.581817626953125,0.5454545617103577,116950264971264.0,75.56291198730469,-18.255592346191406,0.7392110824584961,1363.2348229966515,540.1558861968455,784.4330749511719,516.9052734375,87.79119873046875,61.4315185546875,1.4290904863814389,0.4672335386276245,6.592935925416417,0.3784801891010937,6.603790681887823,car,0
63,RECORD@2020-11-21_13.44.44,1,9,77.74378204345703,0.04545454680919647,-13.581817626953125,0.5454545617103577,116950264971264.0,75.56291198730469,-18.255592346191406,0.7392110824584961,1363.2348229966515,540.1558861968455,1903.1333618164062,265.0531005859375,30.2069091796875,73.0994873046875,0.4132301099976454,0.41655752062797546,-17.87334598214395,3.763402395207593,18.265259214850346,traffic light,0
63,RECORD@2020-11-21_13.44.44,1,10,77.74378204345703,0.04545454680919647,-13.581817626953125,0.5454545617103577,116950264971264.0,75.56291198730469,-18.255592346191406,0.7392110824584961,1363.2348229966515,540.1558861968455,927.5419921875,354.2418670654297,21.7884521484375,44.429534912109375,0.49040468669184756,0.41434451937675476,19.996502176516287,4.184469171221157,20.429632437719505,traffic light,0
63,RECORD@2020-11-21_13.44.44,2,0,7.443359375,0.03333346173167229,-27.200002670288086,0.0,123215565291520.0,6.620245456695557,-3.4023444652557373,0.0,1883.6562893386695,887.8494233190837,1003.1463928222656,628.4021606445312,341.17376708984375,301.129638671875,1.1329796980283389,0.9407799243927002,2.580825319680961,0.8615799621015,2.7208416642283977,car,0
63,RECORD@2020-11-21_13.44.44,2,1,7.443359375,0.03333346173167229,-27.200002670288086,0.0,123215565291520.0,6.620245456695557,-3.4023444652557373,0.0,1883.6562893386695,887.8494233190837,1641.0071411132812,646.9344635009766,505.5692138671875,324.2751159667969,1.5590749612713226,0.8889818787574768,0.4799523815331285,0.7429338483153141,0.8844800684650411,car,0
63,RECORD@2020-11-21_13.44.44,2,2,7.443359375,0.03333346173167229,-27.200002670288086,0.0,123215565291520.0,6.620245456695557,-3.4023444652557373,0.0,1883.6562893386695,887.8494233190837,200.3890609741211,695.5677490234375,154.33631896972656,294.533203125,0.5240031253937308,0.830631673336029,10.906488113758403,0.6528353077192516,10.926009194328834,person,0
63,RECORD@2020-11-21_13.44.44,2,3,7.443359375,0.03333346173167229,-27.200002670288086,0.0,123215565291520.0,6.620245456695557,-3.4023444652557373,0.0,1883.6562893386695,887.8494233190837,556.6296539306641,528.0412292480469,93.73129272460938,64.88067626953125,1.444671944158306,0.8123552203178406,14.157775880750137,5.545691178931301,15.20517374256627,car,0
63,RECORD@2020-11-21_13.44.44,2,4,7.443359375,0.03333346173167229,-27.200002670288086,0.0,123215565291520.0,6.620245456695557,-3.4023444652557373,0.0,1883.6562893386695,887.8494233190837,375.82159423828125,539.5608215332031,106.23980712890625,66.24920654296875,1.6036389365659782,0.7462459802627563,14.19274691708405,5.257249406602073,15.135149037112804,car,0
63,RECORD@2020-11-21_13.44.44,2,5,7.443359375,0.03333346173167229,-27.200002670288086,0.0,123215565291520.0,6.620245456695557,-3.4023444652557373,0.0,1883.6562893386695,887.8494233190837,666.3993530273438,523.4270172119141,82.9017333984375,62.867034912109375,1.3186836871555567,0.6320227384567261,14.683130091635311,5.796716937845832,15.78595060632698,car,0
63,RECORD@2020-11-21_13.44.44,2,6,7.443359375,0.03333346173167229,-27.200002670288086,0.0,123215565291520.0,6.620245456695557,-3.4023444652557373,0.0,1883.6562893386695,887.8494233190837,92.88285827636719,100.76477813720703,68.10447692871094,148.9293975830078,0.45729371120803725,0.6124618649482727,26.29450385378942,5.284951513640444,26.820358786162366,traffic light,0
63,RECORD@2020-11-21_13.44.44,2,7,7.443359375,0.03333346173167229,-27.200002670288086,0.0,123215565291520.0,6.620245456695557,-3.4023444652557373,0.0,1883.6562893386695,887.8494233190837,126.7342300415039,568.6788024902344,206.4879913330078,132.07305908203125,1.5634376364732876,0.5319433212280273,8.50859194258778,2.416621702012754,8.845122797118687,car,0
63,RECORD@2020-11-21_13.44.44,2,8,7.443359375,0.03333346173167229,-27.200002670288086,0.0,123215565291520.0,6.620245456695557,-3.4023444652557373,0.0,1883.6562893386695,887.8494233190837,784.4330749511719,516.9052734375,87.79119873046875,61.4315185546875,1.4290904863814389,0.4672335386276245,12.520881708908732,6.038335997690863,13.900862577174648,car,0
63,RECORD@2020-11-21_13.44.44,2,9,7.443359375,0.03333346173167229,-27.200002670288086,0.0,123215565291520.0,6.620245456695557,-3.4023444652557373,0.0,1883.6562893386695,887.8494233190837,1903.1333618164062,265.0531005859375,30.2069091796875,73.0994873046875,0.4132301099976454,0.41655752062797546,-0.644788659504232,8.519845291626408,8.54420951338823,traffic light,0
63,RECORD@2020-11-21_13.44.44,2,10,7.443359375,0.03333346173167229,-27.200002670288086,0.0,123215565291520.0,6.620245456695557,-3.4023444652557373,0.0,1883.6562893386695,887.8494233190837,927.5419921875,354.2418670654297,21.7884521484375,44.429534912109375,0.49040468669184756,0.41434451937675476,43.88169892186374,12.010199010843529,45.495586385375496,traffic light,0
64,RECORD@2020-11-21_13.44.44,0,0,7.549239158630371,-2.4421050548553467,-1.399999976158142,0.0,222360758124544.0,7.546985149383545,-0.1844443827867508,0.0,984.6855426575014,812.0384622691947,1661.7579345703125,659.6878967285156,514.80322265625,330.76116943359375,1.5564197681904919,0.9217872619628906,-1.3152062032931624,0.4606059586787929,1.3935297651472054,car,0
64,RECORD@2020-11-21_13.44.44,0,1,7.549239158630371,-2.4421050548553467,-1.399999976158142,0.0,222360758124544.0,7.546985149383545,-0.1844443827867508,0.0,984.6855426575014,812.0384622691947,1002.5036010742188,632.8361206054688,352.7564697265625,309.3218994140625,1.1404186719232507,0.902092456817627,-0.050510933025633614,0.5793393290393685,0.5815371119085228,car,0
64,RECORD@2020-11-21_13.44.44,0,2,7.549239158630371,-2.4421050548553467,-1.399999976158142,0.0,222360758124544.0,7.546985149383545,-0.1844443827867508,0.0,984.6855426575014,812.0384622691947,110.03466796875,723.6109008789062,149.05645751953125,330.4310302734375,0.4510970334601578,0.7965731024742126,5.867916689044778,0.2676127642041158,5.874015905761168,person,0
64,RECORD@2020-11-21_13.44.44,0,3,7.549239158630371,-2.4421050548553467,-1.399999976158142,0.0,222360758124544.0,7.546985149383545,-0.1844443827867508,0.0,984.6855426575014,812.0384622691947,533.1084136962891,531.2712707519531,114.07955932617188,71.53948974609375,1.5946375873110128,0.757241427898407,3.958440334346668,3.924646268987014,5.574235213664405,car,0
64,RECORD@2020-11-21_13.44.44,0,4,7.549239158630371,-2.4421050548553467,-1.399999976158142,0.0,222360758124544.0,7.546985149383545,-0.1844443827867508,0.0,984.6855426575014,812.0384622691947,333.9618377685547,546.5509643554688,117.53164672851562,66.7767333984375,1.760068825577888,0.7503659129142761,5.53658289492057,3.9757485040431475,6.816181212359921,car,0
64,RECORD@2020-11-21_13.44.44,0,5,7.549239158630371,-2.4421050548553467,-1.399999976158142,0.0,222360758124544.0,7.546985149383545,-0.1844443827867508,0.0,984.6855426575014,812.0384622691947,73.22450065612793,582.405517578125,145.95788955688477,147.5189208984375,0.9894180940855211,0.7332364916801453,6.244684989406798,1.55663384257783,6.435774975617249,car,0
64,RECORD@2020-11-21_13.44.44,0,6,7.549239158630371,-2.4421050548553467,-1.399999976158142,0.0,222360758124544.0,7.546985149383545,-0.1844443827867508,0.0,984.6855426575014,812.0384622691947,674.0361633300781,527.7077484130859,121.46478271484375,66.35940551757812,1.8304079394241801,0.726340115070343,2.557526324784344,4.284708575045803,4.989956760838309,car,0
64,RECORD@2020-11-21_13.44.44,0,7,7.549239158630371,-2.4421050548553467,-1.399999976158142,0.0,222360758124544.0,7.546985149383545,-0.1844443827867508,0.0,984.6855426575014,812.0384622691947,1732.3729248046875,302.69715881347656,30.626220703125,62.446502685546875,0.4904393262396964,0.6831241250038147,-24.413308759016893,8.156442419530473,25.73979793056284,traffic light,0
64,RECORD@2020-11-21_13.44.44,0,8,7.549239158630371,-2.4421050548553467,-1.399999976158142,0.0,222360758124544.0,7.546985149383545,-0.1844443827867508,0.0,984.6855426575014,812.0384622691947,777.4692993164062,524.9360656738281,89.531982421875,60.94415283203125,1.469082401861175,0.5611425638198853,2.3144382346488377,4.710909632079917,5.248742125845751,car,0
64,RECORD@2020-11-21_13.44.44,0,9,7.549239158630371,-2.4421050548553467,-1.399999976158142,0.0,222360758124544.0,7.546985149383545,-0.1844443827867508,0.0,984.6855426575014,812.0384622691947,41.335007667541504,82.55328369140625,76.9673900604248,153.29013061523438,0.5021027104061687,0.4437020421028137,12.256496345392035,4.758852873632364,13.14794217121019,traffic light,0
